Date,Amount,Balance (BTC),Balance (USD),Profit 
11/01/2022 14:49,"+250 BTC (10,559,471.8 USD)","122,972.57277776 BTC","$5,194,101,659 @ $42,237.89","$2,469,631,966"
11/01/2022 12:43,"+183 BTC (7,680,879.84 USD)","122,722.57277776 BTC","$5,150,914,402 @ $41,972.02","$2,437,004,181"
8/01/2022 12:46,"+8 BTC (335,007.88 USD)","122,539.57277776 BTC","$5,131,465,384 @ $41,875.99","$2,425,236,043"
8/01/2022 12:09,"+268 BTC (11,222,764.14 USD)","122,531.57277776 BTC","$5,131,130,377 @ $41,875.99","$2,425,236,043"
7/01/2022 13:10,"+107 BTC (4,554,057.6 USD)","122,263.57277776 BTC","$5,203,694,886 @ $42,561.29","$2,509,023,317"
7/01/2022 11:43,"+760 BTC (32,587,320.21 USD)","122,156.57277776 BTC","$5,237,835,990 @ $42,878.05","$2,547,718,479"
6/01/2022 10:42,"+179 BTC (7,793,488.82 USD)","121,396.57277776 BTC","$5,285,490,683 @ $43,539.04","$2,627,960,492"
6/01/2022 5:30,+0.00001 BTC (0.46 USD),"121,217.57277776 BTC","$5,551,744,651 @ $45,799.83","$2,902,007,949"
5/01/2022 11:06,"+372 BTC (17,122,242.1 USD)","121,217.57276776 BTC","$5,579,345,775 @ $46,027.53","$2,929,609,073"
4/01/2022 9:41,"+456 BTC (21,141,642.14 USD)","120,845.57276776 BTC","$5,602,793,539 @ $46,363.25","$2,970,179,079"
3/01/2022 1:06,+0.00002121 BTC (1 USD),"120,389.57276776 BTC","$5,676,987,326 @ $47,155.14","$3,065,514,508"
1/01/2022 9:55,"+6 BTC (278,388.73 USD)","120,389.57274655 BTC","$5,585,849,984 @ $46,398.12","$2,974,377,168"
1/01/2022 7:29,+0.00002022 BTC (0.93 USD),"120,383.57274655 BTC","$5,542,110,733 @ $46,037.1","$2,930,916,305"
1/01/2022 3:32,+0.00000888 BTC (0.42 USD),"120,383.57272633 BTC","$5,704,493,457 @ $47,385.98","$3,093,299,030"
1/01/2022 1:19,+0.00000777 BTC (0.37 USD),"120,383.57271745 BTC","$5,778,004,893 @ $47,996.62","$3,166,810,467"
1/01/2022 1:11,+0.00012022 BTC (5.77 USD),"120,383.57270968 BTC","$5,778,004,893 @ $47,996.62","$3,166,810,467"
1/01/2022 0:57,+0.00000777 BTC (0.37 USD),"120,383.57258946 BTC","$5,772,368,089 @ $47,949.8","$3,161,173,668"
1/01/2022 0:32,+0.00000777 BTC (0.37 USD),"120,383.57258169 BTC","$5,772,368,088 @ $47,949.8","$3,161,173,668"
31/12/2021 23:48,+0.00000777 BTC (0.37 USD),"120,383.57257392 BTC","$5,778,338,292 @ $47,999.39","$3,167,143,872"
31/12/2021 23:33,+0.0001013 BTC (4.86 USD),"120,383.57256615 BTC","$5,778,338,292 @ $47,999.39","$3,167,143,872"
31/12/2021 23:19,+0.00001131 BTC (0.54 USD),"120,383.57246485 BTC","$5,778,338,287 @ $47,999.39","$3,167,143,872"
31/12/2021 22:00,+0.00000777 BTC (0.37 USD),"120,383.57245354 BTC","$5,776,513,485 @ $47,984.23","$3,165,319,071"
31/12/2021 20:43,+0.00000777 BTC (0.38 USD),"120,383.57244577 BTC","$5,816,029,959 @ $48,312.49","$3,204,835,545"
31/12/2021 13:12,"+241 BTC (11,332,338.11 USD)","120,383.572438 BTC","$5,660,694,379 @ $47,022.15","$3,049,499,966"
30/12/2021 15:08,+0.00000777 BTC (0.36 USD),"120,142.572438 BTC","$5,612,816,429 @ $46,717.96","$3,012,954,354"
30/12/2021 10:58,"+120 BTC (5,573,899.7 USD)","120,142.57243023 BTC","$5,580,522,066 @ $46,449.16","$2,980,659,991"
29/12/2021 13:53,+0.00000777 BTC (0.37 USD),"120,022.57243023 BTC","$5,762,178,114 @ $48,009.12","$3,167,889,939"
29/12/2021 10:58,+0.00004186 BTC (2 USD),"120,022.57242246 BTC","$5,722,997,563 @ $47,682.68","$3,128,709,388"
28/12/2021 14:14,+0.00000777 BTC (0.38 USD),"120,022.5723806 BTC","$5,921,570,783 @ $49,337.14","$3,327,282,611"
27/12/2021 13:59,+0.00000777 BTC (0.4 USD),"120,022.57237283 BTC","$6,117,990,087 @ $50,973.66","$3,523,701,914"
26/12/2021 19:30,+0.00000777 BTC (0.39 USD),"120,022.57236506 BTC","$5,989,815,674 @ $49,905.74","$3,395,527,502"
25/12/2021 16:11,+0.00000777 BTC (0.4 USD),"120,022.57235729 BTC","$6,105,498,577 @ $50,869.59","$3,511,210,405"
24/12/2021 13:52,+0.00000777 BTC (0.4 USD),"120,022.57234952 BTC","$6,127,370,128 @ $51,051.81","$3,533,081,957"
23/12/2021 14:06,+0.00000777 BTC (0.38 USD),"120,022.57234175 BTC","$5,803,726,435 @ $48,355.29","$3,209,438,265"
22/12/2021 14:19,+0.00000777 BTC (0.38 USD),"120,022.57233398 BTC","$5,912,864,108 @ $49,264.6","$3,318,575,938"
21/12/2021 14:01,+0.00000777 BTC (0.37 USD),"120,022.57232621 BTC","$5,657,277,509 @ $47,135.11","$3,062,989,339"
21/12/2021 10:58,"+136 BTC (6,382,671.23 USD)","120,022.57231844 BTC","$5,632,828,084 @ $46,931.41","$3,038,539,914"
20/12/2021 14:00,+0.00000777 BTC (0.36 USD),"119,886.57231844 BTC","$5,590,480,657 @ $46,631.42","$3,002,575,158"
19/12/2021 17:45,+0.00000777 BTC (0.37 USD),"119,886.57231067 BTC","$5,704,618,596 @ $47,583.47","$3,116,713,098"
19/12/2021 8:23,+0.00048 BTC (22.52 USD),"119,886.5723029 BTC","$5,624,952,611 @ $46,918.95","$3,037,047,113"
18/12/2021 15:56,+0.00000777 BTC (0.36 USD),"119,886.5718229 BTC","$5,579,189,611 @ $46,537.24","$2,991,284,135"
18/12/2021 11:22,"+137 BTC (6,304,291.74 USD)","119,886.57181513 BTC","$5,516,787,773 @ $46,016.73","$2,928,882,299"
17/12/2021 14:08,+0.00000777 BTC (0.37 USD),"119,749.57181513 BTC","$5,728,175,499 @ $47,834.62","$3,146,574,316"
16/12/2021 14:01,+0.00000777 BTC (0.38 USD),"119,749.57180736 BTC","$5,857,482,156 @ $48,914.43","$3,275,880,973"
16/12/2021 9:27,+0.00022404 BTC (10.93 USD),"119,749.57179959 BTC","$5,844,229,557 @ $48,803.76","$3,262,628,374"
15/12/2021 18:34,+0.00000777 BTC (0.38 USD),"119,749.57157555 BTC","$5,801,118,312 @ $48,443.75","$3,219,517,141"
15/12/2021 11:24,"+257 BTC (12,366,555.24 USD)","119,749.57156778 BTC","$5,762,216,701 @ $48,118.89","$3,180,615,530"
15/12/2021 9:58,"+1.00061604 BTC (48,304.92 USD)","119,492.57156778 BTC","$5,768,525,715 @ $48,275.18","$3,199,291,099"
15/12/2021 2:14,+0.00002022 BTC (0.95 USD),"119,491.57095174 BTC","$5,604,274,880 @ $46,901.01","$3,035,088,569"
14/12/2021 18:39,"-1.00137456 BTC (47,143.65 USD)","119,491.57093152 BTC","$5,625,536,308 @ $47,078.94","$3,056,349,998"
14/12/2021 13:54,+0.00000777 BTC (0.36 USD),"119,492.57230608 BTC","$5,610,786,222 @ $46,955.1","$3,041,552,769"
14/12/2021 11:42,"+290 BTC (13,619,407.7 USD)","119,492.57229831 BTC","$5,611,786,413 @ $46,963.47","$3,042,552,960"
13/12/2021 13:53,+0.00000777 BTC (0.38 USD),"119,202.57229831 BTC","$5,820,803,035 @ $48,831.19","$3,265,188,990"
12/12/2021 17:35,+0.00000777 BTC (0.38 USD),"119,202.57229054 BTC","$5,862,946,568 @ $49,184.73","$3,307,332,523"
11/12/2021 18:43,+0.00000777 BTC (0.37 USD),"119,202.57228277 BTC","$5,746,840,590 @ $48,210.71","$3,191,226,545"
11/12/2021 9:16,"+347 BTC (16,528,632.77 USD)","119,202.572275 BTC","$5,677,969,861 @ $47,632.95","$3,122,355,817"
11/12/2021 8:39,+0.00139375 BTC (66.84 USD),"118,855.572275 BTC","$5,699,895,626 @ $47,956.49","$3,160,810,215"
11/12/2021 6:27,+0.00003 BTC (1.45 USD),"118,855.57088125 BTC","$5,731,288,360 @ $48,220.61","$3,192,203,015"
11/12/2021 1:42,+0.00011385 BTC (5.51 USD),"118,855.57085125 BTC","$5,750,238,188 @ $48,380.05","$3,211,152,845"
10/12/2021 15:39,+0.00000777 BTC (0.37 USD),"118,855.5707374 BTC","$5,734,421,788 @ $48,246.98","$3,195,336,450"
10/12/2021 11:37,"+317.0005 BTC (15,285,923.36 USD)","118,855.57072963 BTC","$5,731,275,329 @ $48,220.5","$3,192,189,992"
9/12/2021 14:01,+0.00000777 BTC (0.39 USD),"118,538.57022963 BTC","$5,903,069,549 @ $49,798.72","$3,379,270,135"
9/12/2021 11:56,"+1 BTC (50,443.95 USD)","118,538.57022186 BTC","$5,979,553,865 @ $50,443.95","$3,455,754,451"
9/12/2021 11:15,"+132 BTC (6,658,601.57 USD)","118,537.57022186 BTC","$5,979,503,421 @ $50,443.95","$3,455,754,451"
9/12/2021 4:31,+0.00006071 BTC (3.06 USD),"118,405.57022186 BTC","$5,959,861,021 @ $50,334.3","$3,442,770,653"
8/12/2021 18:59,+0.00000777 BTC (0.39 USD),"118,405.57016115 BTC","$5,976,567,004 @ $50,475.39","$3,459,476,639"
8/12/2021 12:27,"+158 BTC (7,984,577.87 USD)","118,405.57015338 BTC","$5,983,661,361 @ $50,535.3","$3,466,570,996"
8/12/2021 11:59,"+230 BTC (11,655,986.15 USD)","118,247.57015338 BTC","$5,992,574,089 @ $50,678.2","$3,483,468,302"
7/12/2021 18:38,+0.00000777 BTC (0.4 USD),"118,017.57015338 BTC","$6,020,941,281 @ $51,017.33","$3,523,491,480"
7/12/2021 11:46,"+2,702 BTC (136,994,410.02 USD)","118,017.57014561 BTC","$5,983,622,277 @ $50,701.11","$3,486,172,477"
6/12/2021 15:31,+0.00000777 BTC (0.38 USD),"115,315.57014561 BTC","$5,647,085,644 @ $48,970.71","$3,286,630,253"
5/12/2021 17:54,+0.00000777 BTC (0.39 USD),"115,315.57013784 BTC","$5,716,373,535 @ $49,571.57","$3,355,918,145"
4/12/2021 16:43,+0.00000777 BTC (0.37 USD),"115,315.57013007 BTC","$5,474,697,324 @ $47,475.79","$3,114,241,934"
3/12/2021 15:50,+0.00000777 BTC (0.44 USD),"115,315.5701223 BTC","$6,524,499,176 @ $56,579.52","$4,164,043,787"
3/12/2021 11:29,+0.000018 BTC (1.02 USD),"115,315.57011453 BTC","$6,526,009,394 @ $56,592.61","$4,165,554,005"
2/12/2021 14:08,+0.00000777 BTC (0.44 USD),"115,315.57009653 BTC","$6,512,694,555 @ $56,477.15","$4,152,239,167"
1/12/2021 23:50,+0.00007 BTC (4.01 USD),"115,315.57008876 BTC","$6,611,059,045 @ $57,330.15","$4,250,603,657"
1/12/2021 14:11,+0.00000777 BTC (0.44 USD),"115,315.57001876 BTC","$6,601,648,242 @ $57,248.54","$4,241,192,859"
30/11/2021 14:09,+0.00000777 BTC (0.44 USD),"115,315.57001099 BTC","$6,589,799,134 @ $57,145.79","$4,229,343,751"
30/11/2021 12:07,"+356 BTC (20,422,536.68 USD)","115,315.57000322 BTC","$6,615,270,949 @ $57,366.68","$4,254,815,567"
29/11/2021 13:53,+0.00000777 BTC (0.45 USD),"114,959.57000322 BTC","$6,592,334,292 @ $57,344.81","$4,252,301,446"
28/11/2021 16:49,+0.00000777 BTC (0.42 USD),"114,959.56999545 BTC","$6,246,834,241 @ $54,339.4","$3,906,801,395"
27/11/2021 20:08,+0.00000777 BTC (0.43 USD),"114,959.56998768 BTC","$6,321,457,934 @ $54,988.53","$3,981,425,089"
27/11/2021 11:52,"+991 BTC (53,702,631.63 USD)","114,959.56997991 BTC","$6,229,698,727 @ $54,190.34","$3,889,665,883"
26/11/2021 19:40,+0.00000777 BTC (0.43 USD),"113,968.56997991 BTC","$6,269,724,751 @ $55,012.75","$3,983,394,539"
25/11/2021 16:55,+0.00000777 BTC (0.44 USD),"113,968.56997214 BTC","$6,518,989,714 @ $57,199.89","$4,232,659,502"
25/11/2021 11:43,"+105 BTC (6,088,282.26 USD)","113,968.56996437 BTC","$6,608,312,598 @ $57,983.64","$4,321,982,386"
24/11/2021 18:53,+0.00000777 BTC (0.44 USD),"113,863.56996437 BTC","$6,453,631,473 @ $56,678.63","$4,173,389,543"
24/11/2021 11:42,"+616 BTC (35,363,277.73 USD)","113,863.5699566 BTC","$6,536,670,532 @ $57,407.92","$4,256,428,602"
23/11/2021 15:27,+0.00000777 BTC (0.44 USD),"113,247.5699566 BTC","$6,415,270,339 @ $56,648.19","$4,170,391,687"
23/11/2021 11:39,"+854 BTC (48,358,056.85 USD)","113,247.56994883 BTC","$6,412,684,340 @ $56,625.36","$4,167,805,689"
22/11/2021 15:26,+0.00000777 BTC (0.44 USD),"112,393.56994883 BTC","$6,423,199,440 @ $57,149.17","$4,226,678,846"
22/11/2021 8:21,+0.00003781 BTC (2.25 USD),"112,393.56994106 BTC","$6,673,541,388 @ $59,376.54","$4,477,020,794"
21/11/2021 17:37,+0.00000777 BTC (0.46 USD),"112,393.56990325 BTC","$6,640,230,782 @ $59,080.17","$4,443,710,190"
20/11/2021 14:20,+0.00000777 BTC (0.45 USD),"112,393.56989548 BTC","$6,572,060,253 @ $58,473.63","$4,375,539,662"
20/11/2021 12:11,"+1,034 BTC (60,851,746.13 USD)","112,393.56988771 BTC","$6,614,453,561 @ $58,850.82","$4,417,932,970"
19/11/2021 13:58,+0.00000777 BTC (0.43 USD),"111,359.56988771 BTC","$6,233,650,818 @ $55,977.68","$4,097,981,974"
19/11/2021 11:50,"+484 BTC (27,672,470.81 USD)","111,359.56987994 BTC","$6,366,930,675 @ $57,174.53","$4,231,261,831"
18/11/2021 13:17,+0.00000777 BTC (0.47 USD),"110,875.56987994 BTC","$6,690,622,589 @ $60,343.52","$4,582,626,216"
18/11/2021 11:54,"+700 BTC (42,349,328 USD)","110,875.56987217 BTC","$6,707,865,537 @ $60,499.04","$4,599,869,165"
18/11/2021 4:53,+0.00018837 BTC (11.38 USD),"110,175.56987217 BTC","$6,654,077,081 @ $60,395.21","$4,588,430,037"
17/11/2021 14:39,+0.00000777 BTC (0.46 USD),"110,175.5696838 BTC","$6,518,336,115 @ $59,163.17","$4,452,689,082"
17/11/2021 12:05,"+1,647 BTC (98,636,136.34 USD)","110,175.56967603 BTC","$6,598,234,676 @ $59,888.36","$4,532,587,644"
17/11/2021 9:11,+0.00000546 BTC (0.33 USD),"108,528.56967603 BTC","$6,582,871,645 @ $60,655.66","$4,615,860,749"
16/11/2021 13:45,+0.00000777 BTC (0.48 USD),"108,528.56967057 BTC","$6,661,891,802 @ $61,383.76","$4,694,880,906"
16/11/2021 11:41,"+207 BTC (12,845,012.49 USD)","108,528.5696628 BTC","$6,734,545,085 @ $62,053.2","$4,767,534,190"
15/11/2021 13:58,+0.00000777 BTC (0.51 USD),"108,321.5696628 BTC","$7,117,891,673 @ $65,710.75","$5,163,725,790"
14/11/2021 19:12,+0.00000777 BTC (0.5 USD),"108,321.56965503 BTC","$6,962,034,836 @ $64,271.92","$5,007,868,953"
13/11/2021 18:54,+0.00000777 BTC (0.5 USD),"108,321.56964726 BTC","$6,923,944,291 @ $63,920.27","$4,969,778,408"
13/11/2021 12:03,"+1,123 BTC (72,086,131.87 USD)","108,321.56963949 BTC","$6,953,235,043 @ $64,190.68","$4,999,069,161"
12/11/2021 18:20,+0.00000777 BTC (0.5 USD),"107,198.56963949 BTC","$6,924,483,594 @ $64,594.93","$5,042,403,844"
11/11/2021 16:52,+0.00000555 BTC (0.36 USD),"107,198.56963172 BTC","$6,937,280,711 @ $64,714.3","$5,055,200,961"
11/11/2021 15:59,+0.00000777 BTC (0.5 USD),"107,198.56962617 BTC","$6,934,035,678 @ $64,684.03","$5,051,955,929"
11/11/2021 15:34,+0.00001443 BTC (0.93 USD),"107,198.5696184 BTC","$6,934,035,677 @ $64,684.03","$5,051,955,929"
11/11/2021 9:00,+0.00000777 BTC (0.5 USD),"107,198.56960397 BTC","$6,925,609,022 @ $64,605.42","$5,043,529,274"
10/11/2021 17:42,+0.00000888 BTC (0.59 USD),"107,198.5695962 BTC","$7,135,563,014 @ $66,563.98","$5,253,483,267"
10/11/2021 15:54,+0.00000777 BTC (0.52 USD),"107,198.56958732 BTC","$7,124,976,881 @ $66,465.22","$5,242,897,135"
9/11/2021 15:30,+0.00000777 BTC (0.53 USD),"107,198.56957955 BTC","$7,298,833,828 @ $68,087.04","$5,416,754,082"
9/11/2021 11:56,"+198 BTC (13,363,077.1 USD)","107,198.56957178 BTC","$7,234,862,375 @ $67,490.29","$5,352,782,629"
9/11/2021 10:13,"-1,500.005 BTC (101,266,020.81 USD)","107,000.56957178 BTC","$7,223,657,191 @ $67,510.46","$5,354,940,523"
8/11/2021 15:23,+0.00000777 BTC (0.51 USD),"108,500.57457178 BTC","$7,086,326,252 @ $65,311.42","$5,116,343,563"
7/11/2021 17:15,+0.00000777 BTC (0.48 USD),"108,500.57456401 BTC","$6,710,403,384 @ $61,846.71","$4,740,420,695"
6/11/2021 13:59,+0.00000777 BTC (0.47 USD),"108,500.57455624 BTC","$6,620,261,073 @ $61,015.91","$4,650,278,385"
6/11/2021 10:38,"+423 BTC (25,825,244.25 USD)","108,500.57454847 BTC","$6,624,240,753 @ $61,052.59","$4,654,258,065"
5/11/2021 14:40,+0.00008041 BTC (5 USD),"108,077.57454847 BTC","$6,718,412,124 @ $62,162.87","$4,774,254,681"
5/11/2021 13:55,+0.00000777 BTC (0.48 USD),"108,077.57446806 BTC","$6,693,202,677 @ $61,929.62","$4,749,045,239"
4/11/2021 14:07,+0.00000777 BTC (0.49 USD),"108,077.57446029 BTC","$6,767,631,868 @ $62,618.28","$4,823,474,430"
3/11/2021 13:55,+0.00000777 BTC (0.49 USD),"108,077.57445252 BTC","$6,818,030,268 @ $63,084.6","$4,873,872,831"
2/11/2021 14:03,+0.00000777 BTC (0.47 USD),"108,077.57444475 BTC","$6,588,541,619 @ $60,961.23","$4,644,384,182"
2/11/2021 10:45,"+184 BTC (11,222,494.02 USD)","108,077.57443698 BTC","$6,591,847,463 @ $60,991.82","$4,647,690,026"
1/11/2021 13:46,+0.00000777 BTC (0.47 USD),"107,893.57443698 BTC","$6,517,278,248 @ $60,404.69","$4,584,343,306"
31/10/2021 18:23,+0.00000777 BTC (0.47 USD),"107,893.57442921 BTC","$6,594,411,328 @ $61,119.59","$4,661,476,386"
30/10/2021 18:31,+0.00000777 BTC (0.48 USD),"107,893.57442144 BTC","$6,638,516,240 @ $61,528.37","$4,705,581,299"
29/10/2021 17:56,+0.00000777 BTC (0.47 USD),"107,893.57441367 BTC","$6,568,579,924 @ $60,880.18","$4,635,644,983"
29/10/2021 15:36,+0.00000777 BTC (0.48 USD),"107,893.5744059 BTC","$6,615,510,017 @ $61,315.14","$4,682,575,077"
29/10/2021 10:59,"+273 BTC (16,540,082.98 USD)","107,893.57439813 BTC","$6,536,881,589 @ $60,586.38","$4,603,946,649"
29/10/2021 6:38,+0.00000551 BTC (0.34 USD),"107,620.57439813 BTC","$6,638,757,765 @ $61,686.7","$4,722,362,908"
29/10/2021 3:50,+0.00000777 BTC (0.47 USD),"107,620.57439262 BTC","$6,577,256,179 @ $61,115.23","$4,660,861,322"
28/10/2021 21:48,+0.00000666 BTC (0.41 USD),"107,620.57438485 BTC","$6,560,198,433 @ $60,956.73","$4,643,803,577"
28/10/2021 16:19,+0.00000777 BTC (0.46 USD),"107,620.57437819 BTC","$6,350,195,139 @ $59,005.4","$4,433,800,283"
28/10/2021 10:34,"+1,161 BTC (68,005,145.61 USD)","107,620.57437042 BTC","$6,303,835,341 @ $58,574.63","$4,387,440,485"
27/10/2021 17:29,+0.00000777 BTC (0.47 USD),"106,459.57437042 BTC","$6,436,034,459 @ $60,455.2","$4,587,644,749"
27/10/2021 10:36,"+105 BTC (6,354,079.44 USD)","106,459.57436265 BTC","$6,442,405,641 @ $60,515.04","$4,594,015,932"
26/10/2021 17:32,+0.00000777 BTC (0.48 USD),"106,354.57436265 BTC","$6,630,774,581 @ $62,345.93","$4,788,738,951"
26/10/2021 11:14,"+596 BTC (37,509,023.28 USD)","106,354.57435488 BTC","$6,693,382,896 @ $62,934.6","$4,851,347,266"
25/10/2021 18:19,+0.00000777 BTC (0.49 USD),"105,758.57435488 BTC","$6,643,446,212 @ $62,817.09","$4,838,919,606"
25/10/2021 7:05,+0.00003333 BTC (2.02 USD),"105,758.57434711 BTC","$6,420,460,003 @ $60,708.65","$4,615,933,397"
24/10/2021 19:19,+0.00000777 BTC (0.47 USD),"105,758.57431378 BTC","$6,443,895,739 @ $60,930.24","$4,639,369,136"
23/10/2021 17:44,+0.00000777 BTC (0.47 USD),"105,758.57430601 BTC","$6,440,281,899 @ $60,896.07","$4,635,755,296"
22/10/2021 14:00,+0.00000777 BTC (0.49 USD),"105,758.57429824 BTC","$6,674,673,372 @ $63,112.36","$4,870,146,770"
21/10/2021 21:43,+0.00002203 BTC (1.44 USD),"105,758.57429047 BTC","$6,933,746,437 @ $65,562.03","$5,129,219,834"
21/10/2021 15:02,+0.00000777 BTC (0.5 USD),"105,758.57426844 BTC","$6,870,124,185 @ $64,960.45","$5,065,597,584"
21/10/2021 12:20,+0.0001 BTC (6.49 USD),"105,758.57426067 BTC","$6,862,450,066 @ $64,887.88","$5,057,923,466"
20/10/2021 13:20,+0.00000777 BTC (0.5 USD),"105,758.57416067 BTC","$6,759,130,895 @ $63,910.95","$4,954,604,301"
20/10/2021 9:22,+0.00001 BTC (0.64 USD),"105,758.5741529 BTC","$6,789,326,333 @ $64,196.46","$4,984,799,739"
19/10/2021 13:43,+0.00000777 BTC (0.49 USD),"105,758.5741429 BTC","$6,602,395,407 @ $62,428.94","$4,797,868,815"
19/10/2021 0:56,+0.00008666 BTC (5.36 USD),"105,758.57413513 BTC","$6,535,250,481 @ $61,794.05","$4,730,723,889"
18/10/2021 13:24,+0.00000777 BTC (0.48 USD),"105,758.57404847 BTC","$6,567,638,065 @ $62,100.29","$4,763,111,478"
17/10/2021 18:12,+0.0000888 BTC (5.38 USD),"105,758.5740407 BTC","$6,411,635,815 @ $60,625.21","$4,607,109,229"
17/10/2021 17:36,+0.00000777 BTC (0.47 USD),"105,758.5739519 BTC","$6,419,452,599 @ $60,699.12","$4,614,926,018"
17/10/2021 10:05,+0.0000055 BTC (0.34 USD),"105,758.57394413 BTC","$6,441,910,043 @ $60,911.47","$4,637,383,462"
16/10/2021 18:35,+0.00000777 BTC (0.48 USD),"105,758.57393863 BTC","$6,534,459,494 @ $61,786.57","$4,729,932,914"
16/10/2021 9:47,+0.00005 BTC (3.06 USD),"105,758.57393086 BTC","$6,478,802,307 @ $61,260.3","$4,674,275,727"
16/10/2021 8:42,+0.00006 BTC (3.68 USD),"105,758.57388086 BTC","$6,491,774,515 @ $61,382.96","$4,687,247,939"
16/10/2021 7:33,+0.0000666 BTC (4.13 USD),"105,758.57382086 BTC","$6,558,225,819 @ $62,011.29","$4,753,699,247"
15/10/2021 19:44,+0.00000777 BTC (0.46 USD),"105,758.57375426 BTC","$6,244,300,732 @ $59,042.97","$4,439,774,164"
14/10/2021 18:06,+0.00000777 BTC (0.45 USD),"105,758.57374649 BTC","$6,087,328,506 @ $57,558.72","$4,282,801,938"
14/10/2021 10:43,"+494 BTC (28,338,027.17 USD)","105,758.57373872 BTC","$6,066,780,032 @ $57,364.43","$4,262,253,464"
13/10/2021 18:38,+0.00000777 BTC (0.43 USD),"105,264.57373872 BTC","$5,786,096,996 @ $54,967.18","$4,009,908,456"
13/10/2021 16:26,+0.00000666 BTC (0.37 USD),"105,264.57373095 BTC","$5,822,690,941 @ $55,314.82","$4,046,502,401"
13/10/2021 10:44,"-1,500.005 BTC (84,341,813.21 USD)","105,264.57372429 BTC","$5,918,783,614 @ $56,227.69","$4,142,595,074"
12/10/2021 16:26,+0.00000777 BTC (0.45 USD),"106,764.57872429 BTC","$6,133,473,815 @ $57,448.58","$4,272,943,462"
12/10/2021 15:41,+0.00000666 BTC (0.38 USD),"106,764.57871652 BTC","$6,070,471,149 @ $56,858.48","$4,209,940,796"
12/10/2021 9:10,+0.0001243 BTC (7.11 USD),"106,764.57870986 BTC","$6,105,087,035 @ $57,182.7","$4,244,556,683"
11/10/2021 16:22,+0.00000777 BTC (0.44 USD),"106,764.57858556 BTC","$6,043,939,411 @ $56,609.97","$4,183,409,066"
9/10/2021 21:50,+0.0005 BTC (27.47 USD),"106,764.57857779 BTC","$5,864,816,447 @ $54,932.23","$4,004,286,103"
9/10/2021 8:23,"-1,500.005 BTC (81,220,212.89 USD)","106,764.57807779 BTC","$5,780,941,904 @ $54,146.63","$3,920,411,587"
8/10/2021 8:14,"-1,500.005 BTC (81,058,197.78 USD)","108,264.58307779 BTC","$5,850,468,491 @ $54,038.62","$3,908,717,960"
8/10/2021 3:29,+0.00002031 BTC (1.1 USD),"109,764.58807779 BTC","$5,946,070,696 @ $54,171.12","$3,923,261,968"
6/10/2021 3:54,"-3,000.01 BTC (150,298,147.9 USD)","109,764.58805748 BTC","$5,499,119,766 @ $50,099.22","$3,476,311,039"
2/10/2021 12:57,+0.001 BTC (47.64 USD),"112,764.59805748 BTC","$5,372,619,684 @ $47,644.56","$3,199,512,809"
30/09/2021 17:48,+0.000011 BTC (0.47 USD),"112,764.59705748 BTC","$4,860,915,678 @ $43,106.75","$2,687,808,851"
30/09/2021 9:33,"+36 BTC (1,501,301.4 USD)","112,764.59704648 BTC","$4,702,601,323 @ $41,702.82","$2,529,494,497"
29/09/2021 9:36,"+28 BTC (1,154,294.18 USD)","112,728.59704648 BTC","$4,647,212,986 @ $41,224.79","$2,475,607,460"
27/09/2021 23:49,+0.00011409 BTC (4.96 USD),"112,700.59704648 BTC","$4,904,393,784 @ $43,517.02","$2,733,942,553"
27/09/2021 7:16,+0.00057578 BTC (25.1 USD),"112,700.59693239 BTC","$4,913,712,531 @ $43,599.7","$2,743,261,305"
25/09/2021 9:59,"+290 BTC (12,398,053.23 USD)","112,700.59635661 BTC","$4,818,165,493 @ $42,751.91","$2,647,714,292"
24/09/2021 10:10,"+208 BTC (9,292,293.98 USD)","112,410.59635661 BTC","$5,021,886,097 @ $44,674.49","$2,863,832,949"
23/09/2021 11:01,"+408 BTC (17,663,954.74 USD)","112,202.59635661 BTC","$4,857,699,962 @ $43,294.01","$2,708,939,108"
22/09/2021 10:09,"+321 BTC (13,377,189.3 USD)","111,794.59635661 BTC","$4,658,870,650 @ $41,673.49","$2,527,773,751"
17/09/2021 1:01,+0.000022 BTC (1.05 USD),"111,473.59635661 BTC","$5,325,525,884 @ $47,773.88","$3,207,806,174"
14/09/2021 10:05,"+582 BTC (26,192,068.71 USD)","111,473.59633461 BTC","$5,016,708,067 @ $45,003.55","$2,898,988,358"
11/09/2021 10:05,"+218 BTC (9,881,289.43 USD)","110,891.59633461 BTC","$5,026,385,133 @ $45,327.02","$2,934,857,493"
11/09/2021 1:00,+0.00002 BTC (0.9 USD),"110,673.59633461 BTC","$5,000,412,825 @ $45,181.62","$2,918,766,474"
10/09/2021 10:07,"+285 BTC (13,318,534.33 USD)","110,673.59631461 BTC","$5,171,965,237 @ $46,731.7","$3,090,318,887"
9/09/2021 10:24,"+1,465 BTC (67,561,813.12 USD)","110,388.59631461 BTC","$5,090,821,649 @ $46,117.28","$3,022,493,833"
8/09/2021 10:05,"+490 BTC (22,935,533.73 USD)","108,923.59631461 BTC","$5,098,409,832 @ $46,807.21","$3,097,643,830"
3/09/2021 9:34,"-1,500.005 BTC (73,725,860.95 USD)","108,433.59631461 BTC","$5,329,555,731 @ $49,150.41","$3,351,725,263"
29/08/2021 0:29,+0.00000556 BTC (0.27 USD),"109,933.60131461 BTC","$5,345,100,685 @ $48,621.17","$3,293,544,356"
28/08/2021 10:05,"+88 BTC (4,319,596.48 USD)","109,933.60130905 BTC","$5,396,236,330 @ $49,086.32","$3,344,680,001"
27/08/2021 10:28,"+466 BTC (22,101,924.45 USD)","109,845.60130905 BTC","$5,209,869,487 @ $47,429.02","$3,162,632,754"
26/08/2021 16:57,+0.00000572 BTC (0.27 USD),"109,379.60130905 BTC","$5,123,741,182 @ $46,843.66","$3,098,606,374"
26/08/2021 10:33,"+38 BTC (1,864,247.15 USD)","109,379.60130333 BTC","$5,366,068,683 @ $49,059.14","$3,340,933,876"
25/08/2021 9:09,+0.00058008 BTC (27.79 USD),"109,341.60130333 BTC","$5,238,249,763 @ $47,907.2","$3,214,979,202"
21/08/2021 4:46,"-1,500.005 BTC (72,818,784.48 USD)","109,341.60072325 BTC","$5,308,063,945 @ $48,545.69","$3,284,793,412"
17/08/2021 0:29,+0.00000547 BTC (0.25 USD),"110,841.60572325 BTC","$5,121,702,074 @ $46,207.4","$3,025,612,756"
11/08/2021 5:23,+0.00041968 BTC (19.1 USD),"110,841.60571778 BTC","$5,045,390,840 @ $45,518.93","$2,949,301,523"
10/08/2021 5:41,+0.00021635 BTC (9.95 USD),"110,841.6052981 BTC","$5,100,190,102 @ $46,013.32","$3,004,100,804"
7/08/2021 8:33,"-1,500.005 BTC (64,094,111.09 USD)","110,841.60508175 BTC","$4,736,180,313 @ $42,729.26","$2,640,091,024"
7/08/2021 8:18,"-1,500.005 BTC (64,094,111.09 USD)","112,341.61008175 BTC","$4,800,274,424 @ $42,729.26","$2,640,091,024"
30/07/2021 5:51,+0.00099029 BTC (39.33 USD),"113,841.61508175 BTC","$4,520,893,607 @ $39,712.14","$2,296,616,097"
29/07/2021 2:54,+0.00020603 BTC (8.2 USD),"113,841.61409146 BTC","$4,532,163,328 @ $39,811.13","$2,307,885,857"
28/07/2021 22:42,"-1,500.0049 BTC (59,613,633.34 USD)","113,841.61388543 BTC","$4,524,326,707 @ $39,742.29","$2,300,049,244"
28/07/2021 3:45,"-1,500.005 BTC (56,618,929.91 USD)","115,341.61878543 BTC","$4,353,664,841 @ $37,745.83","$2,069,773,745"
22/07/2021 10:26,"+222 BTC (7,108,076.03 USD)","116,841.62378543 BTC","$3,741,077,233 @ $32,018.36","$1,400,567,208"
22/07/2021 3:08,+0.00053 BTC (17.07 USD),"116,619.62378543 BTC","$3,757,075,251 @ $32,216.49","$1,423,673,302"
21/07/2021 10:18,"+156 BTC (4,626,013.37 USD)","116,619.62325543 BTC","$3,458,230,361 @ $29,653.93","$1,124,828,428"
21/07/2021 3:47,+0.00006666 BTC (1.98 USD),"116,463.62325543 BTC","$3,462,859,713 @ $29,733.4","$1,134,083,794"
19/07/2021 18:59,+0.00031663 BTC (9.96 USD),"116,463.62318877 BTC","$3,663,454,943 @ $31,455.79","$1,334,679,026"
18/07/2021 22:17,+0.00031337 BTC (9.93 USD),"116,463.62287214 BTC","$3,692,302,433 @ $31,703.48","$1,363,526,526"
18/07/2021 13:07,+0.00001202 BTC (0.39 USD),"116,463.62255877 BTC","$3,739,006,682 @ $32,104.5","$1,410,230,785"
18/07/2021 1:34,+0.00053 BTC (16.82 USD),"116,463.62254675 BTC","$3,695,715,892 @ $31,732.79","$1,366,939,995"
17/07/2021 10:08,"+107 BTC (3,366,733.02 USD)","116,463.62201675 BTC","$3,664,503,938 @ $31,464.79","$1,335,728,057"
16/07/2021 10:27,"+38 BTC (1,207,599.49 USD)","116,356.62201675 BTC","$3,697,689,415 @ $31,778.93","$1,372,280,267"
15/07/2021 22:11,+0.00001 BTC (0.32 USD),"116,318.62201675 BTC","$3,694,392,953 @ $31,760.98","$1,370,191,405"
15/07/2021 11:03,"+198 BTC (6,528,681.08 USD)","116,318.62200675 BTC","$3,835,389,835 @ $32,973.14","$1,511,188,287"
14/07/2021 10:51,"+122 BTC (3,950,483.43 USD)","116,120.62200675 BTC","$3,760,103,222 @ $32,381.01","$1,442,430,355"
11/07/2021 6:50,+0.00069 BTC (23.02 USD),"115,998.62200675 BTC","$3,869,522,371 @ $33,358.35","$1,555,799,988"
10/07/2021 10:14,"+386 BTC (13,105,730.01 USD)","115,998.62131675 BTC","$3,938,462,727 @ $33,952.67","$1,624,740,367"
3/07/2021 10:20,"+9 BTC (302,659.29 USD)","115,612.62131675 BTC","$3,887,914,925 @ $33,628.81","$1,587,298,295"
29/06/2021 10:08,"+404 BTC (14,035,382.49 USD)","115,603.62131675 BTC","$4,016,190,698 @ $34,741.05","$1,715,876,728"
27/06/2021 9:09,+0.00006942 BTC (2.24 USD),"115,199.62131675 BTC","$3,723,028,215 @ $32,318.06","$1,436,749,627"
26/06/2021 23:33,+0.00332569 BTC (102.59 USD),"115,199.62124733 BTC","$3,553,815,837 @ $30,849.2","$1,267,537,251"
26/06/2021 19:22,+0.00000546 BTC (0.17 USD),"115,199.61792164 BTC","$3,575,131,104 @ $31,034.23","$1,288,852,620"
25/06/2021 13:18,+0.0002 BTC (6.98 USD),"115,199.61791618 BTC","$4,020,453,468 @ $34,899.89","$1,734,174,985"
24/06/2021 10:43,"+3,044 BTC (100,766,441.36 USD)","115,199.61771618 BTC","$3,813,487,360 @ $33,103.3","$1,527,208,884"
22/06/2021 11:08,"+1,062 BTC (34,639,779.13 USD)","112,155.61771618 BTC","$3,658,235,241 @ $32,617.49","$1,472,723,206"
18/06/2021 15:38,+0.0002 BTC (7.52 USD),"111,093.61771618 BTC","$4,175,142,518 @ $37,582.2","$2,024,270,262"
18/06/2021 5:29,+0.0001 BTC (3.77 USD),"111,093.61751618 BTC","$4,187,226,269 @ $37,690.97","$2,036,354,021"
17/06/2021 4:20,+0.00003673 BTC (1.43 USD),"111,093.61741618 BTC","$4,312,624,633 @ $38,819.73","$2,161,752,389"
15/06/2021 9:06,"-1,500.005 BTC (60,780,673.6 USD)","111,093.61737945 BTC","$4,501,548,259 @ $40,520.31","$2,350,676,016"
13/06/2021 2:16,+0.00005 BTC (1.78 USD),"112,593.62237945 BTC","$4,005,470,935 @ $35,574.58","$1,793,818,019"
13/06/2021 0:37,+0.00027339 BTC (9.72 USD),"112,593.62232945 BTC","$4,004,586,650 @ $35,566.73","$1,792,933,735"
12/06/2021 13:29,+0.00033 BTC (11.68 USD),"112,593.62205606 BTC","$3,986,100,278 @ $35,402.54","$1,774,447,373"
9/06/2021 10:12,"+3,706 BTC (122,079,524.65 USD)","112,593.62172606 BTC","$3,708,951,921 @ $32,941.05","$1,497,299,027"
6/06/2021 21:55,+0.00013505 BTC (4.86 USD),"108,887.62172606 BTC","$3,917,270,573 @ $35,975.35","$1,827,697,204"
2/06/2021 23:44,+0.00000723 BTC (0.27 USD),"108,887.62159101 BTC","$4,108,497,183 @ $37,731.54","$2,018,923,819"
2/06/2021 10:15,"+1,883 BTC (68,144,866.11 USD)","108,887.62158378 BTC","$3,940,590,756 @ $36,189.52","$1,851,017,393"
28/05/2021 10:06,"+24 BTC (914,097.63 USD)","107,004.62158378 BTC","$4,075,527,943 @ $38,087.4","$2,054,099,445"
27/05/2021 10:05,"+139 BTC (5,335,229.94 USD)","106,980.62158378 BTC","$4,106,231,765 @ $38,382.95","$2,085,717,365"
25/05/2021 10:26,"+988 BTC (38,742,109.94 USD)","106,841.62158378 BTC","$4,189,544,382 @ $39,212.66","$2,174,365,212"
25/05/2021 4:55,+0.00037317 BTC (14.31 USD),"105,853.62158378 BTC","$4,060,452,320 @ $38,359.13","$2,084,015,259"
24/05/2021 3:55,+0.00042997 BTC (14.03 USD),"105,853.62121061 BTC","$3,454,996,215 @ $32,639.38","$1,478,559,169"
24/05/2021 0:06,+0.00000547 BTC (0.18 USD),"105,853.62078064 BTC","$3,566,163,494 @ $33,689.57","$1,589,726,463"
22/05/2021 17:04,+0.0005 BTC (18.07 USD),"105,853.62077517 BTC","$3,825,111,271 @ $36,135.86","$1,848,674,239"
22/05/2021 11:16,"+926 BTC (34,954,754.94 USD)","105,853.62027517 BTC","$3,995,774,683 @ $37,748.12","$2,019,337,670"
22/05/2021 10:30,"+1,100 BTC (41,466,777.14 USD)","104,927.62027517 BTC","$3,955,463,859 @ $37,697.07","$2,013,981,601"
21/05/2021 10:21,"+1,380 BTC (57,578,937.59 USD)","103,827.62027517 BTC","$4,332,089,904 @ $41,723.87","$2,432,074,423"
19/05/2021 10:42,"+1,803 BTC (75,540,423.12 USD)","102,447.62027517 BTC","$4,292,255,454 @ $41,897.07","$2,449,818,910"
18/05/2021 10:15,"+965 BTC (43,214,989.39 USD)","100,644.62027517 BTC","$4,507,104,867 @ $44,782.37","$2,740,208,747"
15/05/2021 10:52,"+753 BTC (37,688,077.74 USD)","99,679.62027517 BTC","$4,989,021,618 @ $50,050.57","$3,265,340,487"
9/05/2021 15:08,"-3,000.01 BTC (175,510,763.61 USD)","98,926.62027517 BTC","$5,787,542,930 @ $58,503.39","$4,101,549,876"
8/05/2021 11:54,+0.0006942 BTC (40.1 USD),"101,926.63027517 BTC","$5,887,557,674 @ $57,762.7","$4,026,053,857"
7/05/2021 7:34,+0.00010672 BTC (6.02 USD),"101,926.62958097 BTC","$5,747,013,019 @ $56,383.82","$3,885,509,242"
7/05/2021 2:56,"-1,500.005 BTC (85,461,950.02 USD)","101,926.62947425 BTC","$5,807,212,985 @ $56,974.44","$3,945,709,214"
5/05/2021 5:52,"-1,500.005 BTC (81,637,304.88 USD)","103,426.63447425 BTC","$5,628,962,365 @ $54,424.69","$3,681,996,643"
5/05/2021 2:19,+0.0001 BTC (5.4 USD),"104,926.63947425 BTC","$5,669,195,794 @ $54,030.09","$3,640,592,768"
4/05/2021 15:26,+0.00000547 BTC (0.31 USD),"104,926.63937425 BTC","$5,883,142,901 @ $56,069.11","$3,854,539,881"
27/04/2021 10:25,"+2,227 BTC (119,712,133.27 USD)","104,926.63936878 BTC","$5,640,319,639 @ $53,754.89","$3,611,716,618"
24/04/2021 21:34,+0.00010269 BTC (5.07 USD),"102,699.63936878 BTC","$5,065,856,462 @ $49,326.92","$3,156,965,575"
24/04/2021 10:10,"+1,536 BTC (76,726,221.38 USD)","102,699.63926609 BTC","$5,130,048,996 @ $49,951.97","$3,221,158,114"
23/04/2021 10:05,"+966 BTC (49,360,279.44 USD)","101,163.63926609 BTC","$5,169,218,948 @ $51,097.6","$3,337,054,287"
23/04/2021 10:02,+0.00017329 BTC (8.98 USD),"100,197.63926609 BTC","$5,191,747,714 @ $51,815.07","$3,408,943,333"
21/04/2021 10:26,"+581 BTC (32,412,598.01 USD)","100,197.6390928 BTC","$5,589,786,225 @ $55,787.6","$3,806,981,853"
20/04/2021 17:24,+0.00000547 BTC (0.3 USD),"99,616.6390928 BTC","$5,449,675,149 @ $54,706.47","$3,699,283,375"
20/04/2021 10:26,"+835 BTC (45,816,939.02 USD)","99,616.63908733 BTC","$5,466,023,328 @ $54,870.59","$3,715,631,554"
20/04/2021 10:16,"+815 BTC (44,719,527.31 USD)","98,781.63908733 BTC","$5,420,206,389 @ $54,870.59","$3,715,631,554"
18/04/2021 18:29,+0.00010353 BTC (5.68 USD),"97,966.63908733 BTC","$5,375,193,661 @ $54,867.59","$3,715,338,353"
14/04/2021 3:39,"-1,500.005 BTC (95,005,346.49 USD)","97,966.6389838 BTC","$6,204,882,305 @ $63,336.69","$4,545,027,003"
12/04/2021 11:32,"-1,500.005 BTC (89,712,480.96 USD)","99,466.6439838 BTC","$5,948,913,107 @ $59,808.12","$4,194,052,458"
10/04/2021 22:11,+0.00091299 BTC (54.91 USD),"100,966.6489838 BTC","$6,072,848,890 @ $60,147.08","$4,228,275,760"
9/04/2021 9:13,"+405 BTC (23,571,863.79 USD)","100,966.64807081 BTC","$5,876,474,260 @ $58,202.13","$4,031,901,186"
9/04/2021 8:24,"+505 BTC (29,251,714.3 USD)","100,561.64807081 BTC","$5,824,951,680 @ $57,924.19","$4,003,950,470"
31/03/2021 20:07,+0.00000547 BTC (0.32 USD),"100,056.64807081 BTC","$5,778,190,429 @ $57,749.19","$3,986,440,933"
27/03/2021 11:10,"+264 BTC (14,478,858.2 USD)","100,056.64806534 BTC","$5,487,522,802 @ $54,844.16","$3,695,773,306"
24/03/2021 11:36,"+1,650 BTC (89,149,333.71 USD)","99,792.64806534 BTC","$5,391,786,718 @ $54,029.9","$3,614,516,080"
24/03/2021 5:58,+0.0001 BTC (5.52 USD),"98,142.64806534 BTC","$5,419,564,925 @ $55,221.3","$3,731,443,621"
23/03/2021 11:06,"+921 BTC (50,491,235.02 USD)","98,142.64796534 BTC","$5,380,394,684 @ $54,822.19","$3,692,273,385"
17/03/2021 11:18,"+690 BTC (38,899,445.2 USD)","97,221.64796534 BTC","$5,480,968,358 @ $56,376.01","$3,843,338,295"
16/03/2021 13:22,+0.00000547 BTC (0.3 USD),"96,531.64796534 BTC","$5,238,876,484 @ $54,271.08","$3,640,145,866"
15/03/2021 0:49,+0.00000835 BTC (0.5 USD),"96,531.64795987 BTC","$5,806,645,406 @ $60,152.76","$4,207,914,788"
7/03/2021 1:01,+0.00002113 BTC (1.02 USD),"96,531.64795152 BTC","$4,676,848,949 @ $48,448.87","$3,078,118,332"
6/03/2021 11:15,+0.00002045 BTC (1 USD),"96,531.64793039 BTC","$4,699,764,316 @ $48,686.25","$3,101,033,699"
3/03/2021 13:45,+0.00001 BTC (0.49 USD),"96,531.64790994 BTC","$4,698,461,063 @ $48,672.75","$3,099,730,447"
3/03/2021 12:09,"+710 BTC (34,569,828.14 USD)","96,531.64789994 BTC","$4,700,116,166 @ $48,689.9","$3,101,385,551"
3/03/2021 11:53,"+2,130 BTC (103,709,484.43 USD)","95,821.64789994 BTC","$4,665,546,338 @ $48,689.9","$3,101,385,551"
2/03/2021 13:29,"+1,325 BTC (65,200,951.48 USD)","93,691.64789994 BTC","$4,610,403,463 @ $49,208.27","$3,149,952,161"
1/03/2021 10:56,+0.00000547 BTC (0.25 USD),"92,366.64789994 BTC","$4,232,553,069 @ $45,823.39","$2,837,302,718"
24/02/2021 10:32,"+1,100 BTC (52,831,730.9 USD)","92,366.64789447 BTC","$4,436,263,533 @ $48,028.85","$3,041,013,182"
24/02/2021 10:20,"+1,200 BTC (57,634,615.53 USD)","91,266.64789447 BTC","$4,383,431,802 @ $48,028.85","$3,041,013,182"
24/02/2021 10:15,"+600 BTC (28,817,307.77 USD)","90,066.64789447 BTC","$4,325,797,186 @ $48,028.85","$3,041,013,182"
20/02/2021 3:34,"+505 BTC (27,517,771.1 USD)","89,466.64789447 BTC","$4,875,094,530 @ $54,490.64","$3,619,127,833"
19/02/2021 12:34,"+484 BTC (24,730,826.09 USD)","88,961.64789447 BTC","$4,545,650,914 @ $51,096.75","$3,317,201,989"
19/02/2021 12:25,"+585 BTC (29,891,597.64 USD)","88,477.64789447 BTC","$4,520,920,088 @ $51,096.75","$3,317,201,989"
19/02/2021 12:20,"+686 BTC (35,052,369.2 USD)","87,892.64789447 BTC","$4,491,028,490 @ $51,096.75","$3,317,201,989"
18/02/2021 13:01,"+660 BTC (34,435,253.85 USD)","87,206.64789447 BTC","$4,549,974,329 @ $52,174.63","$3,411,200,197"
18/02/2021 12:31,"+1,888 BTC (98,505,695.85 USD)","86,546.64789447 BTC","$4,515,539,076 @ $52,174.63","$3,411,200,197"
18/02/2021 12:11,"+560 BTC (29,217,791.14 USD)","84,658.64789447 BTC","$4,417,033,380 @ $52,174.63","$3,411,200,197"
14/02/2021 9:42,+0.00000547 BTC (0.26 USD),"84,098.64789447 BTC","$3,970,326,311 @ $47,210.35","$2,993,710,919"
9/02/2021 11:47,"+0.025 BTC (1,160.7 USD)","84,098.647889 BTC","$3,904,546,194 @ $46,428.17","$2,927,930,802"
9/02/2021 6:21,"-1,500.005 BTC (66,159,971.81 USD)","84,098.622889 BTC","$3,709,295,982 @ $44,106.5","$2,732,681,752"
5/02/2021 5:19,"-1,500.005 BTC (55,785,714.94 USD)","85,598.627889 BTC","$3,183,443,158 @ $37,190.35","$2,140,668,956"
30/01/2021 9:24,"-3,000.01 BTC (102,306,406.77 USD)","87,098.632889 BTC","$2,970,239,488 @ $34,102.02","$1,871,679,570"
30/01/2021 5:06,"-6,000.005 BTC (208,323,712.23 USD)","90,098.642889 BTC","$3,128,278,019 @ $34,720.59","$1,927,411,695"
30/01/2021 1:29,"-700.002 BTC (26,124,563.47 USD)","96,098.647889 BTC","$3,586,468,648 @ $37,320.7","$2,177,278,611"
29/01/2021 22:00,+0.00000547 BTC (0.2 USD),"96,798.649889 BTC","$3,571,878,436 @ $36,900.09","$2,136,563,837"
29/01/2021 13:07,"-1,500.001 BTC (50,974,353.46 USD)","96,798.64988353 BTC","$3,289,496,869 @ $33,982.88","$1,854,182,270"
28/01/2021 21:07,"-1,500.001 BTC (46,889,240.31 USD)","98,298.65088353 BTC","$3,072,763,993 @ $31,259.47","$1,586,475,040"
22/01/2021 13:51,+0.0005 BTC (15.29 USD),"99,798.65188353 BTC","$3,051,744,939 @ $30,579.02","$1,518,566,746"
22/01/2021 12:10,"+277 BTC (8,396,405.78 USD)","99,798.65138353 BTC","$3,025,090,157 @ $30,311.93","$1,491,911,979"
22/01/2021 11:36,"+307 BTC (9,069,839.32 USD)","99,521.65138353 BTC","$2,940,212,986 @ $29,543.45","$1,415,431,213"
22/01/2021 11:15,"+889 BTC (26,264,127.53 USD)","99,214.65138353 BTC","$2,931,143,146 @ $29,543.45","$1,415,431,213"
21/01/2021 11:46,"+760 BTC (26,602,055.36 USD)","98,325.65138353 BTC","$3,441,663,712 @ $35,002.7","$1,952,215,906"
21/01/2021 11:36,"+885 BTC (30,977,393.41 USD)","97,565.65138353 BTC","$3,415,061,656 @ $35,002.7","$1,952,215,906"
20/01/2021 13:50,"+279 BTC (9,950,059 USD)","96,680.65138353 BTC","$3,447,950,484 @ $35,663.29","$2,016,082,128"
20/01/2021 12:35,"+400 BTC (14,392,365.48 USD)","96,401.65138353 BTC","$3,468,619,499 @ $35,980.91","$2,046,701,201"
20/01/2021 12:23,"+350 BTC (12,593,319.79 USD)","96,001.65138353 BTC","$3,454,227,133 @ $35,980.91","$2,046,701,201"
20/01/2021 12:05,"+300 BTC (10,794,274.11 USD)","95,651.65138353 BTC","$3,441,633,813 @ $35,980.91","$2,046,701,201"
18/01/2021 16:58,+0.00014116 BTC (4.98 USD),"95,351.65138353 BTC","$3,364,241,106 @ $35,282.46","$1,980,102,767"
15/01/2021 17:09,+0.00000547 BTC (0.21 USD),"95,351.65124237 BTC","$3,638,065,533 @ $38,154.2","$2,253,927,199"
15/01/2021 11:40,"+255 BTC (10,062,485.5 USD)","95,351.6512369 BTC","$3,762,645,521 @ $39,460.73","$2,378,507,188"
15/01/2021 11:36,+0.0001 BTC (3.95 USD),"95,096.6512369 BTC","$3,752,583,036 @ $39,460.73","$2,378,507,188"
15/01/2021 9:21,"+281 BTC (10,945,132 USD)","95,096.6511369 BTC","$3,704,076,155 @ $38,950.65","$2,330,000,311"
15/01/2021 8:35,"+557 BTC (21,510,495.67 USD)","94,815.6511369 BTC","$3,661,636,720 @ $38,618.48","$2,298,506,008"
12/01/2021 7:02,"-1,500.001 BTC (48,064,994.06 USD)","94,258.6511369 BTC","$3,020,358,991 @ $32,043.31","$1,678,738,775"
12/01/2021 6:53,"-1,500.001 BTC (48,064,994.06 USD)","95,758.6521369 BTC","$3,068,423,985 @ $32,043.31","$1,678,738,775"
12/01/2021 5:03,"-1,500.001 BTC (49,368,944.43 USD)","97,258.6531369 BTC","$3,201,035,894 @ $32,912.61","$1,763,285,690"
9/01/2021 19:25,+0.00002561 BTC (1.04 USD),"98,758.6541369 BTC","$3,998,112,593 @ $40,483.67","$2,510,993,444"
9/01/2021 11:36,"+630 BTC (25,243,121.35 USD)","98,758.65411129 BTC","$3,957,105,857 @ $40,068.45","$2,469,986,709"
9/01/2021 11:15,"+480 BTC (19,232,854.36 USD)","98,128.65411129 BTC","$3,931,862,735 @ $40,068.45","$2,469,986,709"
9/01/2021 10:52,"+540 BTC (22,017,291.55 USD)","97,648.65411129 BTC","$3,981,405,346 @ $40,772.76","$2,538,762,175"
9/01/2021 10:40,"+150 BTC (6,115,914.32 USD)","97,108.65411129 BTC","$3,959,388,055 @ $40,772.76","$2,538,762,175"
8/01/2021 12:06,"+732 BTC (28,331,106.17 USD)","96,958.65411129 BTC","$3,752,658,366 @ $38,703.7","$2,338,148,400"
8/01/2021 11:56,"+315 BTC (12,191,664.54 USD)","96,226.65411129 BTC","$3,724,327,260 @ $38,703.7","$2,338,148,400"
8/01/2021 11:48,"+919 BTC (35,568,697.5 USD)","95,911.65411129 BTC","$3,712,135,596 @ $38,703.7","$2,338,148,400"
8/01/2021 11:30,+0.00007735 BTC (2.99 USD),"94,992.65411129 BTC","$3,676,566,898 @ $38,703.7","$2,338,148,400"
8/01/2021 10:39,"+506 BTC (19,969,030.23 USD)","94,992.65403394 BTC","$3,748,836,324 @ $39,464.49","$2,410,417,829"
8/01/2021 10:21,"+160 BTC (6,314,317.86 USD)","94,486.65403394 BTC","$3,728,867,294 @ $39,464.49","$2,410,417,829"
8/01/2021 10:01,"+275 BTC (10,779,561.16 USD)","94,326.65403394 BTC","$3,697,454,314 @ $39,198.4","$2,385,319,167"
8/01/2021 9:51,"+1,380 BTC (54,093,797.83 USD)","94,051.65403394 BTC","$3,686,674,753 @ $39,198.4","$2,385,319,167"
8/01/2021 9:36,"+905 BTC (35,474,555.83 USD)","92,671.65403394 BTC","$3,632,580,955 @ $39,198.4","$2,385,319,167"
8/01/2021 9:26,"+1,310 BTC (51,349,909.54 USD)","91,766.65403394 BTC","$3,597,106,399 @ $39,198.4","$2,385,319,167"
8/01/2021 4:20,+0.00002545 BTC (1 USD),"90,456.65403394 BTC","$3,552,616,925 @ $39,274.25","$2,392,179,602"
7/01/2021 11:01,"+800 BTC (29,574,604.22 USD)","90,456.65400849 BTC","$3,344,024,677 @ $36,968.26","$2,183,587,355"
5/01/2021 14:51,"+490 BTC (15,342,709.1 USD)","89,656.65400849 BTC","$2,807,297,880 @ $31,311.65","$1,676,435,163"
5/01/2021 14:30,"+555 BTC (17,377,966.43 USD)","89,166.65400849 BTC","$2,791,955,171 @ $31,311.65","$1,676,435,163"
5/01/2021 14:10,"+1,701 BTC (53,261,118.73 USD)","88,611.65400849 BTC","$2,774,577,205 @ $31,311.65","$1,676,435,163"
5/01/2021 10:48,"+615 BTC (19,872,169.24 USD)","86,910.65400849 BTC","$2,808,297,927 @ $32,312.47","$1,763,417,004"
5/01/2021 10:21,"+610 BTC (19,710,606.88 USD)","86,295.65400849 BTC","$2,788,425,757 @ $32,312.47","$1,763,417,004"
5/01/2021 10:12,"+605 BTC (19,549,044.53 USD)","85,685.65400849 BTC","$2,768,715,150 @ $32,312.47","$1,763,417,004"
5/01/2021 10:02,"+400 BTC (12,924,988.12 USD)","85,080.65400849 BTC","$2,749,166,106 @ $32,312.47","$1,763,417,004"
4/01/2021 20:50,+0.0000477 BTC (1.44 USD),"84,680.65400849 BTC","$2,555,951,817 @ $30,183.42","$1,583,127,703"
3/01/2021 12:30,"+306 BTC (10,017,854.54 USD)","84,680.65396079 BTC","$2,772,282,593 @ $32,738.09","$1,799,458,480"
3/01/2021 12:14,"+275 BTC (9,002,973.85 USD)","84,374.65396079 BTC","$2,762,264,738 @ $32,738.09","$1,799,458,480"
2/01/2021 19:31,+0.00000546 BTC (0.16 USD),"84,099.65396079 BTC","$2,506,120,988 @ $29,799.42","$1,552,317,704"
2/01/2021 5:24,+0.00002858 BTC (0.83 USD),"84,099.65395533 BTC","$2,444,352,096 @ $29,064.95","$1,490,548,812"
1/01/2021 12:06,"+276 BTC (8,107,582.13 USD)","84,099.65392675 BTC","$2,470,452,359 @ $29,375.3","$1,516,649,076"
1/01/2021 8:32,"+300 BTC (8,719,777.3 USD)","83,823.65392675 BTC","$2,436,411,982 @ $29,065.92","$1,490,716,281"
1/01/2021 6:44,"+280 BTC (8,107,216.63 USD)","83,523.65392675 BTC","$2,418,372,700 @ $28,954.35","$1,481,396,776"
1/01/2021 6:22,"+265 BTC (7,672,901.45 USD)","83,243.65392675 BTC","$2,410,265,484 @ $28,954.35","$1,481,396,776"
31/12/2020 19:16,+0.00000547 BTC (0.16 USD),"82,978.65392675 BTC","$2,397,672,222 @ $28,895.05","$1,476,476,416"
31/12/2020 14:38,"+270 BTC (7,842,299.42 USD)","82,978.65392128 BTC","$2,410,160,923 @ $29,045.55","$1,488,965,117"
31/12/2020 11:46,"+260 BTC (7,514,998.18 USD)","82,708.65392128 BTC","$2,390,597,629 @ $28,903.84","$1,477,244,123"
31/12/2020 11:25,"+250 BTC (7,225,959.79 USD)","82,448.65392128 BTC","$2,383,082,631 @ $28,903.84","$1,477,244,123"
31/12/2020 5:43,"+500 BTC (14,335,647.68 USD)","82,198.65392128 BTC","$2,356,741,884 @ $28,671.3","$1,458,129,336"
30/12/2020 16:16,"+986 BTC (27,731,975.9 USD)","81,698.65392128 BTC","$2,297,834,788 @ $28,125.74","$1,413,557,888"
29/12/2020 13:29,"+1,582 BTC (42,285,204.1 USD)","80,712.65392128 BTC","$2,157,364,757 @ $26,728.95","$1,300,819,832"
28/12/2020 14:58,"+936 BTC (25,371,235.85 USD)","79,130.65392128 BTC","$2,144,917,183 @ $27,106.02","$1,330,657,463"
22/12/2020 13:50,"+2,417 BTC (55,266,108.72 USD)","78,194.65392128 BTC","$1,787,966,175 @ $22,865.58","$999,077,690"
21/12/2020 19:56,"-1.00188902 BTC (23,710.22 USD)","75,777.65392128 BTC","$1,793,317,204 @ $23,665.51","$1,059,694,828"
19/12/2020 12:10,"+13 BTC (300,098.26 USD)","75,778.6558103 BTC","$1,749,310,970 @ $23,084.48","$1,015,664,884"
19/12/2020 6:40,"+1.00063394 BTC (22,757.41 USD)","75,765.6558103 BTC","$1,723,138,050 @ $22,743","$989,792,062"
18/12/2020 12:31,"+1,357 BTC (31,356,782.4 USD)","75,764.65517636 BTC","$1,750,726,460 @ $23,107.43","$1,017,403,229"
15/12/2020 12:38,+0.0001 BTC (1.95 USD),"74,407.65517636 BTC","$1,450,202,267 @ $19,489.96","$748,235,819"
13/12/2020 12:06,"+31 BTC (582,337.71 USD)","74,407.65507636 BTC","$1,397,754,308 @ $18,785.09","$695,787,862"
12/12/2020 12:05,"+1,579 BTC (28,908,364.28 USD)","74,376.65507636 BTC","$1,361,689,322 @ $18,308.02","$660,305,213"
9/12/2020 13:02,"+500 BTC (9,113,777.48 USD)","72,797.65507636 BTC","$1,326,923,259 @ $18,227.55","$654,447,515"
9/12/2020 11:30,+0.00000547 BTC (0.1 USD),"72,297.65507636 BTC","$1,318,663,370 @ $18,239.37","$655,301,404"
9/12/2020 7:28,"+500 BTC (9,378,765.03 USD)","72,297.65507089 BTC","$1,356,125,439 @ $18,757.53","$692,763,472"
9/12/2020 6:22,+0.00001 BTC (0.19 USD),"71,797.65507089 BTC","$1,348,441,385 @ $18,781.13","$694,458,184"
8/12/2020 12:34,"+500 BTC (9,600,190.97 USD)","71,797.65506089 BTC","$1,378,542,399 @ $19,200.38","$724,559,198"
6/12/2020 12:27,"+92 BTC (1,771,299.07 USD)","71,297.65506089 BTC","$1,372,711,628 @ $19,253.25","$728,328,618"
5/12/2020 12:07,"+246 BTC (4,614,296.5 USD)","71,205.65506089 BTC","$1,335,626,037 @ $18,757.3","$693,014,326"
4/12/2020 10:39,"+500 BTC (9,734,142.9 USD)","70,959.65506089 BTC","$1,381,462,845 @ $19,468.29","$743,465,430"
30/11/2020 12:15,"+114 BTC (2,109,629.83 USD)","70,459.65506089 BTC","$1,303,892,897 @ $18,505.52","$675,629,626"
29/11/2020 12:19,"+298 BTC (5,257,582.27 USD)","70,345.65506089 BTC","$1,241,100,902 @ $17,642.89","$614,947,260"
27/11/2020 12:53,"+63 BTC (1,086,943.83 USD)","70,047.65506089 BTC","$1,208,537,566 @ $17,253.08","$587,641,506"
27/11/2020 4:55,"+500 BTC (8,350,850.23 USD)","69,984.65506089 BTC","$1,168,862,745 @ $16,701.7","$549,053,629"
26/11/2020 12:26,"+500 BTC (9,324,990.43 USD)","69,484.65506089 BTC","$1,295,887,488 @ $18,649.98","$684,429,222"
26/11/2020 12:04,"+49 BTC (922,655.82 USD)","68,984.65506089 BTC","$1,298,961,094 @ $18,829.71","$696,827,819"
26/11/2020 9:13,"+500 BTC (9,398,134.4 USD)","68,935.65506089 BTC","$1,295,733,102 @ $18,796.27","$694,522,483"
25/11/2020 9:38,"+500 BTC (9,566,955.08 USD)","68,435.65506089 BTC","$1,309,441,675 @ $19,133.91","$717,629,190"
24/11/2020 12:55,"+257 BTC (4,735,742.87 USD)","67,935.65506089 BTC","$1,251,851,340 @ $18,427.02","$669,605,810"
23/11/2020 12:42,"+634 BTC (11,581,427.27 USD)","67,678.65506089 BTC","$1,236,301,927 @ $18,267.24","$658,792,140"
22/11/2020 12:04,"+791 BTC (14,651,013.42 USD)","67,044.65506089 BTC","$1,241,810,545 @ $18,522.14","$675,882,185"
21/11/2020 12:03,"+341 BTC (6,423,177.78 USD)","66,253.65506089 BTC","$1,247,973,622 @ $18,836.3","$696,696,276"
20/11/2020 12:23,"+114 BTC (2,047,747.18 USD)","65,912.65506089 BTC","$1,183,968,892 @ $17,962.69","$639,114,723"
19/11/2020 12:29,"+500 BTC (8,975,498.68 USD)","65,798.65506089 BTC","$1,181,151,484 @ $17,951","$638,345,062"
19/11/2020 12:10,"+1,159 BTC (20,805,205.95 USD)","65,298.65506089 BTC","$1,172,175,985 @ $17,951","$638,345,062"
18/11/2020 12:07,"+1,734 BTC (30,678,684.16 USD)","64,139.65506089 BTC","$1,134,786,747 @ $17,692.44","$621,761,030"
17/11/2020 12:07,"+146 BTC (2,439,518.6 USD)","62,405.65506089 BTC","$1,042,738,058 @ $16,709.03","$560,391,025"
15/11/2020 18:09,"+606 BTC (9,748,328.05 USD)","62,259.65506089 BTC","$1,001,530,597 @ $16,086.35","$521,623,083"
14/11/2020 14:02,+0.00000547 BTC (0.09 USD),"61,653.65506089 BTC","$999,642,126 @ $16,213.83","$529,482,940"
14/11/2020 12:09,"+355 BTC (5,767,311.87 USD)","61,653.65505542 BTC","$1,001,622,132 @ $16,245.95","$531,462,946"
9/11/2020 12:29,"+30 BTC (465,838.91 USD)","61,298.65505542 BTC","$951,843,284 @ $15,527.96","$487,451,410"
8/11/2020 12:15,"+272 BTC (4,097,698.3 USD)","61,268.65505542 BTC","$923,016,411 @ $15,065.07","$459,090,375"
7/11/2020 12:28,"+703 BTC (11,008,873.84 USD)","60,996.65505542 BTC","$955,198,407 @ $15,659.85","$495,370,070"
6/11/2020 15:22,+0.00003333 BTC (0.52 USD),"60,293.65505542 BTC","$939,605,186 @ $15,583.82","$490,785,723"
6/11/2020 12:26,"+733 BTC (11,564,975.21 USD)","60,293.65502209 BTC","$951,288,712 @ $15,777.59","$502,469,249"
3/11/2020 12:15,"+285 BTC (3,874,340.39 USD)","59,560.65502209 BTC","$809,678,075 @ $13,594.18","$372,423,587"
2/11/2020 11:14,"+144 BTC (1,987,995.74 USD)","59,275.65502209 BTC","$818,331,594 @ $13,805.53","$384,951,447"
31/10/2020 11:14,"+44 BTC (599,672.51 USD)","59,131.65502209 BTC","$805,900,631 @ $13,628.92","$374,508,480"
31/10/2020 2:14,"+262 BTC (3,545,298.53 USD)","59,087.65502209 BTC","$799,554,872 @ $13,531.67","$368,762,393"
24/10/2020 13:34,+0.00000547 BTC (0.07 USD),"58,825.65502209 BTC","$764,581,844 @ $12,997.42","$337,334,664"
14/10/2020 11:57,+0.0000505 BTC (0.58 USD),"58,825.65501662 BTC","$674,565,788 @ $11,467.2","$247,318,608"
7/10/2020 20:26,+0.00000547 BTC (0.06 USD),"58,825.65496612 BTC","$623,623,292 @ $10,601.21","$196,376,113"
24/09/2020 18:27,+0.00000547 BTC (0.06 USD),"58,825.65496065 BTC","$606,889,327 @ $10,316.75","$179,642,147"
12/09/2020 10:08,+0.00000547 BTC (0.06 USD),"58,825.65495518 BTC","$610,026,493 @ $10,370.08","$182,779,314"
9/09/2020 10:02,"+2,057 BTC (20,806,175.07 USD)","58,825.65494971 BTC","$595,010,635 @ $10,114.82","$167,763,455"
30/08/2020 22:17,+0.00000547 BTC (0.06 USD),"56,768.65494971 BTC","$659,992,632 @ $11,626","$253,551,628"
30/08/2020 10:03,"+59 BTC (680,712.46 USD)","56,768.65494424 BTC","$654,968,323 @ $11,537.5","$248,527,318"
28/08/2020 10:08,"+43 BTC (488,436.84 USD)","56,709.65494424 BTC","$644,164,755 @ $11,359","$238,404,463"
27/08/2020 14:18,+0.0000111 BTC (0.13 USD),"56,666.65494424 BTC","$644,570,823 @ $11,374.78","$239,298,968"
27/08/2020 10:04,"+140 BTC (1,606,484.07 USD)","56,666.65493314 BTC","$650,243,417 @ $11,474.89","$244,971,562"
25/08/2020 0:40,"+19 BTC (223,302.04 USD)","56,526.65493314 BTC","$664,343,033 @ $11,752.74","$260,677,662"
23/08/2020 10:25,"+357 BTC (4,155,835.06 USD)","56,507.65493314 BTC","$657,805,304 @ $11,640.99","$254,363,235"
22/08/2020 10:04,"+89 BTC (1,021,252.18 USD)","56,150.65493314 BTC","$644,314,369 @ $11,474.74","$245,028,136"
21/08/2020 10:19,"+52 BTC (615,242.66 USD)","56,061.65493314 BTC","$663,298,498 @ $11,831.59","$265,033,516"
20/08/2020 11:01,"+745 BTC (8,784,021.82 USD)","56,009.65493314 BTC","$660,389,304 @ $11,790.63","$262,739,565"
20/08/2020 6:35,+0.00000547 BTC (0.06 USD),"55,264.65493314 BTC","$648,491,235 @ $11,734.29","$259,625,518"
19/08/2020 10:16,+0.00000547 BTC (0.07 USD),"55,264.65492767 BTC","$663,254,198 @ $12,001.42","$274,388,481"
19/08/2020 10:10,"+715 BTC (8,581,013.53 USD)","55,264.6549222 BTC","$663,254,198 @ $12,001.42","$274,388,481"
18/08/2020 10:16,"+549 BTC (6,784,361.81 USD)","54,549.6549222 BTC","$674,106,732 @ $12,357.67","$293,822,028"
13/08/2020 18:27,+0.00000547 BTC (0.06 USD),"54,000.6549222 BTC","$614,718,398 @ $11,383.54","$241,218,056"
10/08/2020 10:02,"+214 BTC (2,517,869.48 USD)","54,000.65491673 BTC","$635,357,948 @ $11,765.75","$261,857,606"
9/08/2020 10:17,"+178 BTC (2,091,293.86 USD)","53,786.65491673 BTC","$631,930,905 @ $11,748.84","$260,948,433"
9/08/2020 7:45,+0.00000547 BTC (0.06 USD),"53,608.65491673 BTC","$630,882,548 @ $11,768.3","$261,991,370"
7/08/2020 10:23,"+21 BTC (248,366.1 USD)","53,608.65491126 BTC","$634,027,266 @ $11,826.96","$265,136,088"
5/08/2020 10:13,"+209 BTC (2,334,858.82 USD)","53,587.65491126 BTC","$598,658,414 @ $11,171.57","$230,015,602"
4/08/2020 20:11,+0.00000547 BTC (0.06 USD),"53,378.65491126 BTC","$600,613,397 @ $11,251.94","$234,305,444"
4/08/2020 10:06,"+866 BTC (9,846,126.92 USD)","53,378.65490579 BTC","$606,897,241 @ $11,369.66","$240,589,288"
3/08/2020 10:07,"+31 BTC (345,493.76 USD)","52,512.65490579 BTC","$585,251,442 @ $11,144.96","$228,789,616"
24/07/2020 3:56,"-1,500.001 BTC (14,425,557.73 USD)","52,481.65490579 BTC","$504,717,759 @ $9,617.03","$148,601,426"
21/07/2020 13:02,+0.00033333 BTC (3.07 USD),"53,981.65590579 BTC","$497,882,032 @ $9,223.17","$127,340,142"
14/07/2020 23:17,"-1,500.001 BTC (13,850,009.56 USD)","53,981.65557246 BTC","$498,430,632 @ $9,233.33","$127,888,745"
1/07/2020 11:05,+0.0001097 BTC (1 USD),"55,481.65657246 BTC","$507,696,035 @ $9,150.7","$123,304,138"
9/06/2020 9:27,"-1,500.001 BTC (14,654,646.72 USD)","55,481.65646276 BTC","$542,042,355 @ $9,769.76","$157,650,459"
27/05/2020 7:30,"+117 BTC (1,034,812.37 USD)","56,981.65746276 BTC","$503,977,129 @ $8,844.55","$104,930,587"
26/05/2020 6:09,"+486 BTC (4,329,183.25 USD)","56,864.65746276 BTC","$506,538,112 @ $8,907.78","$108,526,382"
14/05/2020 6:14,"+34 BTC (316,513.43 USD)","56,378.65746276 BTC","$524,841,246 @ $9,309.22","$131,158,700"
13/05/2020 6:21,"+2,021 BTC (17,833,160.58 USD)","56,344.65746276 BTC","$497,181,259 @ $8,823.93","$103,815,226"
12/05/2020 6:30,"+438 BTC (3,781,434.11 USD)","54,323.65746276 BTC","$468,998,473 @ $8,633.41","$93,465,600"
11/05/2020 6:46,"+1,743 BTC (15,197,425.96 USD)","53,885.65746276 BTC","$469,835,507 @ $8,719.12","$98,084,069"
10/05/2020 6:29,"+2,864 BTC (27,553,407.38 USD)","52,142.65746276 BTC","$501,643,814 @ $9,620.6","$145,089,801"
9/05/2020 6:14,"+666 BTC (6,646,602.45 USD)","49,278.65746276 BTC","$491,795,264 @ $9,979.88","$162,794,658"
5/05/2020 6:26,"+855 BTC (7,619,021.58 USD)","48,612.65746276 BTC","$433,194,019 @ $8,911.14","$110,840,016"
4/05/2020 6:43,"+480 BTC (4,251,765.27 USD)","47,757.65746276 BTC","$423,029,894 @ $8,857.84","$108,294,913"
2/05/2020 6:29,"+945 BTC (8,268,626.3 USD)","47,277.65746276 BTC","$413,673,314 @ $8,749.87","$103,190,098"
1/05/2020 6:04,"+19 BTC (167,191.63 USD)","46,332.65746276 BTC","$407,706,974 @ $8,799.56","$105,492,385"
22/04/2020 7:57,"+772 BTC (5,310,364.38 USD)","46,313.65746276 BTC","$318,578,234 @ $6,878.71","$16,530,836"
22/04/2020 7:13,+0.00000547 BTC (0.04 USD),"45,541.65746276 BTC","$313,267,870 @ $6,878.71","$16,530,836"
16/04/2020 6:12,+0.00000777 BTC (0.05 USD),"45,541.65745729 BTC","$306,139,343 @ $6,722.18","$9,402,309"
16/04/2020 6:06,"+104 BTC (699,107 USD)","45,541.65744952 BTC","$306,139,343 @ $6,722.18","$9,402,309"
14/04/2020 6:14,"+1,153 BTC (7,856,705.18 USD)","45,437.65744952 BTC","$309,618,628 @ $6,814.14","$13,580,702"
13/04/2020 6:29,"+127 BTC (902,896.39 USD)","44,284.65744952 BTC","$314,838,247 @ $7,109.42","$26,657,026"
12/04/2020 6:25,"+1,116 BTC (7,576,040.99 USD)","44,157.65744952 BTC","$299,767,225 @ $6,788.57","$12,488,900"
11/04/2020 6:32,"+279 BTC (1,922,767.97 USD)","43,041.65744952 BTC","$296,627,671 @ $6,891.64","$16,925,387"
10/04/2020 6:10,"+551 BTC (3,993,505.25 USD)","42,762.65744952 BTC","$309,932,662 @ $7,247.74","$32,153,146"
8/04/2020 6:09,"+109 BTC (779,704.85 USD)","42,211.65744952 BTC","$301,950,773 @ $7,153.26","$28,164,762"
6/04/2020 6:19,"+256 BTC (1,732,773.13 USD)","42,102.65744952 BTC","$284,977,943 @ $6,768.65","$11,971,637"
4/04/2020 13:26,"-1,500.001 BTC (10,055,531.21 USD)","41,846.65744952 BTC","$280,526,726 @ $6,703.68","$9,253,194"
31/03/2020 7:17,"+130 BTC (844,432.26 USD)","43,346.65844952 BTC","$281,563,974 @ $6,495.63","$234,910"
29/03/2020 8:06,"+157 BTC (976,696.52 USD)","43,216.65844952 BTC","$268,850,700 @ $6,221","-$11,633,932"
23/03/2020 7:16,"+472 BTC (2,822,497.63 USD)","43,059.65844952 BTC","$257,491,068 @ $5,979.87","-$22,016,868"
22/03/2020 7:24,"+877 BTC (5,575,791.47 USD)","42,587.65844952 BTC","$270,763,857 @ $6,357.8","-$5,921,581"
21/03/2020 7:52,"+282 BTC (1,708,739.12 USD)","41,710.65844952 BTC","$252,739,837 @ $6,059.36","-$18,369,810"
19/03/2020 7:04,"+6 BTC (31,365.32 USD)","41,428.65844952 BTC","$216,570,531 @ $5,227.55","-$52,830,376"
18/03/2020 9:53,"+2,276 BTC (11,752,171.29 USD)","41,422.65844952 BTC","$213,886,721 @ $5,163.52","-$55,482,820"
15/03/2020 8:43,"+3,788 BTC (19,992,416.95 USD)","39,146.65844952 BTC","$206,609,376 @ $5,277.83","-$51,007,994"
13/03/2020 10:05,"+648 BTC (3,111,375.05 USD)","35,358.65844952 BTC","$169,774,765 @ $4,801.5","-$67,850,188"
12/03/2020 12:03,"+212 BTC (1,668,230.95 USD)","34,710.65844952 BTC","$273,138,655 @ $7,869.01","$38,625,077"
11/03/2020 7:18,"+542 BTC (4,339,703.52 USD)","34,498.65844952 BTC","$276,224,999 @ $8,006.83","$43,379,652"
9/03/2020 23:45,+0.000006 BTC (0.05 USD),"33,956.65844952 BTC","$266,098,222 @ $7,836.41","$37,592,578"
8/03/2020 7:41,+0.000251 BTC (2.23 USD),"33,956.65844352 BTC","$302,083,637 @ $8,896.15","$73,577,993"
8/03/2020 7:23,+0.000006 BTC (0.05 USD),"33,956.65819252 BTC","$302,083,635 @ $8,896.15","$73,577,993"
23/02/2020 8:57,"+529 BTC (5,126,379.82 USD)","33,956.65818652 BTC","$329,063,757 @ $9,690.7","$100,558,115"
21/02/2020 8:10,"+609 BTC (5,870,544.21 USD)","33,427.65818652 BTC","$322,230,780 @ $9,639.65","$98,851,518"
19/02/2020 8:05,"+38 BTC (384,539.26 USD)","32,818.65818652 BTC","$332,106,908 @ $10,119.45","$114,598,190"
18/02/2020 8:21,"+141 BTC (1,360,700.56 USD)","32,780.65818652 BTC","$316,345,105 @ $9,650.36","$99,220,927"
17/02/2020 8:49,"+258 BTC (2,525,313.38 USD)","32,639.65818652 BTC","$319,478,162 @ $9,788.04","$103,714,684"
16/02/2020 8:04,"+107 BTC (1,061,262.9 USD)","32,381.65818652 BTC","$321,172,452 @ $9,918.34","$107,934,288"
15/01/2020 8:52,"-3,000.002 BTC (26,389,720.3 USD)","32,274.65818652 BTC","$283,906,211 @ $8,796.57","$71,729,310"
19/12/2019 12:31,"-1.00679447 BTC (7,295.01 USD)","35,274.66018652 BTC","$255,592,449 @ $7,245.78","$17,025,827"
19/12/2019 11:37,"+672 BTC (4,877,271.32 USD)","35,275.66698099 BTC","$256,025,296 @ $7,257.84","$17,451,379"
19/12/2019 10:22,"+1.00397683 BTC (7,352.28 USD)","34,603.66698099 BTC","$253,408,069 @ $7,323.16","$19,711,423"
18/12/2019 9:51,"+781 BTC (5,152,319.77 USD)","34,602.66300416 BTC","$228,276,549 @ $6,597.08","-$5,412,744"
13/12/2019 8:06,"+329 BTC (2,379,796.26 USD)","33,821.66300416 BTC","$244,646,404 @ $7,233.42","$16,109,431"
11/12/2019 9:34,"+50 BTC (364,085.05 USD)","33,492.66300416 BTC","$243,883,557 @ $7,281.7","$17,726,380"
4/12/2019 23:33,+0.00000546 BTC (0.04 USD),"33,442.66300416 BTC","$247,115,411 @ $7,389.23","$21,322,319"
28/11/2019 10:21,"+915 BTC (6,892,823.52 USD)","33,442.6629987 BTC","$251,928,278 @ $7,533.14","$26,135,186"
25/11/2019 5:54,"+1,220.03 BTC (8,703,840.7 USD)","32,527.6629987 BTC","$232,056,259 @ $7,134.12","$13,155,990"
23/11/2019 11:26,"+1,250 BTC (9,016,168.98 USD)","31,307.6329987 BTC","$225,819,928 @ $7,212.94","$15,623,500"
1/11/2019 11:00,+0.00001095 BTC (0.1 USD),"30,057.6329987 BTC","$275,602,238 @ $9,169.13","$74,421,979"
25/10/2019 7:59,"+674 BTC (5,032,595.64 USD)","30,057.63298775 BTC","$224,433,105 @ $7,466.76","$23,252,846"
21/10/2019 7:13,"+73 BTC (601,122.88 USD)","29,383.63298775 BTC","$241,961,288 @ $8,234.56","$45,813,625"
19/10/2019 9:23,+0.00005005 BTC (0.4 USD),"29,310.63298775 BTC","$233,398,123 @ $7,962.92","$37,851,583"
19/10/2019 7:36,"+83 BTC (659,981.45 USD)","29,310.6329377 BTC","$233,065,954 @ $7,951.58","$37,519,414"
18/10/2019 9:59,"+82 BTC (663,373.43 USD)","29,227.6329377 BTC","$236,449,210 @ $8,089.92","$41,562,651"
17/10/2019 9:32,"+61 BTC (489,455.26 USD)","29,145.6329377 BTC","$233,860,384 @ $8,023.86","$39,637,199"
6/10/2019 8:10,"+139 BTC (1,134,483.86 USD)","29,084.6329377 BTC","$237,381,630 @ $8,161.75","$43,647,900"
5/10/2019 7:48,"+103 BTC (845,779.63 USD)","28,945.6329377 BTC","$237,685,696 @ $8,211.45","$45,086,450"
4/10/2019 17:37,+0.000062 BTC (0.51 USD),"28,842.6329377 BTC","$235,134,494 @ $8,152.32","$43,381,028"
3/10/2019 7:05,"+54 BTC (446,827.86 USD)","28,842.6328757 BTC","$238,660,962 @ $8,274.59","$46,907,496"
2/10/2019 6:20,"+159 BTC (1,330,399.88 USD)","28,788.6328757 BTC","$240,882,979 @ $8,367.29","$49,576,341"
1/10/2019 6:09,"+4 BTC (32,890.02 USD)","28,629.6328757 BTC","$235,407,281 @ $8,222.5","$45,431,043"
30/09/2019 6:10,"+231 BTC (1,857,002.21 USD)","28,625.6328757 BTC","$230,120,621 @ $8,038.97","$40,177,273"
29/09/2019 7:27,"+21 BTC (171,445.44 USD)","28,394.6328757 BTC","$231,815,735 @ $8,164.07","$43,729,389"
28/09/2019 6:25,"+68 BTC (554,382.99 USD)","28,373.6328757 BTC","$231,321,462 @ $8,152.69","$43,406,562"
27/09/2019 6:13,"+613 BTC (4,948,343.91 USD)","28,305.6328757 BTC","$228,492,669 @ $8,072.34","$41,132,152"
26/09/2019 6:17,"+957 BTC (8,166,135.93 USD)","27,692.6328757 BTC","$236,302,826 @ $8,533.06","$53,890,652"
25/09/2019 6:56,"+46 BTC (396,255.01 USD)","26,735.6328757 BTC","$230,307,141 @ $8,614.24","$56,061,104"
12/09/2019 19:34,+0.00001111 BTC (0.11 USD),"26,689.6328757 BTC","$271,096,151 @ $10,157.36","$97,246,368"
6/09/2019 13:30,"-1,000.001 BTC (10,683,460.64 USD)","26,689.63286459 BTC","$285,137,357 @ $10,683.45","$111,287,575"
5/09/2019 8:26,"-786.00011 BTC (8,316,135.29 USD)","27,689.63386459 BTC","$292,965,279 @ $10,580.32","$108,432,036"
3/09/2019 20:49,+0.00001 BTC (0.1 USD),"28,475.63397459 BTC","$296,613,947 @ $10,416.41","$103,764,569"
31/08/2019 9:34,"+1,458.006154 BTC (13,998,044.03 USD)","28,475.63396459 BTC","$273,389,229 @ $9,600.81","$80,539,851"
31/08/2019 8:48,"+1,458.006154 BTC (13,993,517.5 USD)","27,017.62781059 BTC","$259,307,306 @ $9,597.71","$80,455,972"
24/08/2019 2:28,"+372 BTC (3,872,667.58 USD)","25,559.62165659 BTC","$266,085,801 @ $10,410.4","$101,227,985"
22/08/2019 7:10,"+386 BTC (3,888,973.93 USD)","25,187.62165659 BTC","$253,766,850 @ $10,075.06","$92,781,701"
21/08/2019 7:55,"+5 BTC (54,036.52 USD)","24,801.62165659 BTC","$268,038,659 @ $10,807.3","$110,942,484"
20/08/2019 8:36,"+31 BTC (336,199.62 USD)","24,796.62165659 BTC","$268,923,056 @ $10,845.15","$111,880,917"
17/08/2019 5:49,+0.0001 BTC (1.04 USD),"24,765.62165659 BTC","$258,665,745 @ $10,444.55","$101,959,806"
8/08/2019 14:32,"-1,200.00011 BTC (14,315,744.48 USD)","24,765.62155659 BTC","$295,448,565 @ $11,929.79","$138,742,627"
28/07/2019 13:23,"+86 BTC (817,368.63 USD)","25,965.62166659 BTC","$246,784,705 @ $9,504.29","$75,763,022"
25/07/2019 7:09,"+622 BTC (6,092,963.61 USD)","25,879.62166659 BTC","$253,510,600 @ $9,795.76","$83,306,286"
20/07/2019 6:21,"+129 BTC (1,357,878.02 USD)","25,257.62166659 BTC","$265,866,428 @ $10,526.19","$101,755,078"
18/07/2019 15:48,"+156 BTC (1,540,966.97 USD)","25,128.62166659 BTC","$248,220,358 @ $9,877.99","$85,466,886"
17/07/2019 3:07,"+708 BTC (6,865,848.26 USD)","24,972.62166659 BTC","$242,172,643 @ $9,697.53","$80,960,137"
13/07/2019 8:25,"+257 BTC (3,034,932.2 USD)","24,264.62166659 BTC","$286,542,730 @ $11,809.07","$132,196,073"
12/07/2019 10:54,"+231 BTC (2,646,612.11 USD)","24,007.62166659 BTC","$275,060,010 @ $11,457.2","$123,748,285"
28/06/2019 11:18,"+746 BTC (8,396,259.89 USD)","23,776.62166659 BTC","$267,606,830 @ $11,255.04","$118,941,717"
27/06/2019 19:03,"+4,100 BTC (47,988,226.52 USD)","23,030.62166659 BTC","$269,560,656 @ $11,704.45","$129,291,803"
18/06/2019 22:39,+0.00000777 BTC (0.07 USD),"18,930.62166659 BTC","$173,681,986 @ $9,174.66","$81,401,360"
10/06/2019 9:05,"+52 BTC (394,908.63 USD)","18,930.62165882 BTC","$143,766,650 @ $7,594.4","$51,486,024"
7/06/2019 10:59,"+75 BTC (583,886.65 USD)","18,878.62165882 BTC","$146,973,002 @ $7,785.16","$55,087,284"
1/06/2019 8:51,"+913 BTC (7,796,605.89 USD)","18,803.62165882 BTC","$160,574,400 @ $8,539.55","$69,272,569"
31/05/2019 10:10,"+39 BTC (325,141.38 USD)","17,890.62165882 BTC","$149,153,368 @ $8,336.96","$65,648,143"
30/05/2019 14:29,"+327 BTC (2,852,136.78 USD)","17,851.62165882 BTC","$155,704,180 @ $8,722.13","$72,524,096"
29/05/2019 16:53,+0.0001 BTC (0.85 USD),"17,524.62165882 BTC","$149,644,696 @ $8,539.11","$69,316,750"
17/05/2019 11:26,"+833 BTC (6,474,567.12 USD)","17,524.62155882 BTC","$136,211,691 @ $7,772.59","$55,883,745"
14/05/2019 7:29,"+943 BTC (7,598,117.38 USD)","16,691.62155882 BTC","$134,490,880 @ $8,057.39","$60,637,501"
13/05/2019 9:59,"+715 BTC (4,954,686.16 USD)","15,748.62155882 BTC","$109,132,136 @ $6,929.63","$42,876,875"
12/05/2019 13:57,"+17 BTC (122,260.4 USD)","15,033.62155882 BTC","$108,118,619 @ $7,191.79","$46,818,043"
11/05/2019 13:23,"+493 BTC (3,256,501.04 USD)","15,016.62155882 BTC","$99,191,975 @ $6,605.48","$38,013,660"
10/05/2019 15:37,"+126 BTC (793,052.82 USD)","14,523.62155882 BTC","$91,412,691 @ $6,294.07","$33,490,877"
9/05/2019 6:56,"+163 BTC (968,889.03 USD)","14,397.62155882 BTC","$85,580,966 @ $5,944.1","$28,452,205"
7/05/2019 8:48,"+147 BTC (845,211.32 USD)","14,234.62155882 BTC","$81,845,328 @ $5,749.74","$25,685,456"
6/05/2019 5:02,"+60 BTC (345,819.62 USD)","14,087.62155882 BTC","$81,196,265 @ $5,763.66","$25,881,605"
3/05/2019 11:28,"+68 BTC (376,650.66 USD)","14,027.62155882 BTC","$77,698,720 @ $5,538.98","$22,729,879"
2/05/2019 11:08,"+26 BTC (139,780.46 USD)","13,959.62155882 BTC","$75,049,323 @ $5,376.17","$20,457,132"
1/05/2019 6:30,"+82 BTC (435,062.26 USD)","13,933.62155882 BTC","$73,926,742 @ $5,305.64","$19,474,332"
27/04/2019 7:18,"+263 BTC (1,382,262.97 USD)","13,851.62155882 BTC","$72,800,698 @ $5,255.75","$18,783,350"
25/04/2019 6:23,"+374 BTC (2,032,464.91 USD)","13,588.62155882 BTC","$73,845,980 @ $5,434.4","$21,210,895"
21/04/2019 5:10,"+84 BTC (447,110.6 USD)","13,214.62155882 BTC","$70,338,064 @ $5,322.75","$19,735,444"
17/04/2019 10:11,"+153 BTC (800,332.61 USD)","13,130.62155882 BTC","$68,685,389 @ $5,230.93","$18,529,880"
13/04/2019 14:25,"+15 BTC (76,655.27 USD)","12,977.62155882 BTC","$66,320,206 @ $5,110.35","$16,965,030"
12/04/2019 10:36,"+287 BTC (1,431,451.43 USD)","12,962.62155882 BTC","$64,652,833 @ $4,987.64","$15,374,312"
10/04/2019 9:38,"+284 BTC (1,472,618.84 USD)","12,675.62155882 BTC","$65,726,616 @ $5,185.28","$17,879,547"
5/04/2019 17:51,"+1,000 BTC (4,957,444.95 USD)","12,391.62155882 BTC","$61,430,782 @ $4,957.44","$15,056,331"
2/04/2019 7:40,"+42 BTC (174,020.82 USD)","11,391.62155882 BTC","$47,199,508 @ $4,143.35","$5,782,502"
31/03/2019 12:44,+0.00000888 BTC (0.04 USD),"11,349.62155882 BTC","$46,524,124 @ $4,099.18","$5,281,139"
31/03/2019 10:09,"+64 BTC (262,999.93 USD)","11,349.62154994 BTC","$46,639,839 @ $4,109.37","$5,396,854"
24/03/2019 14:07,"+37 BTC (147,620.04 USD)","11,285.62154994 BTC","$45,026,592 @ $3,989.73","$4,046,607"
23/03/2019 7:30,"+62 BTC (247,895.82 USD)","11,248.62154994 BTC","$44,975,585 @ $3,998.32","$4,143,220"
22/03/2019 12:50,"+25 BTC (99,979.78 USD)","11,186.62154994 BTC","$44,737,440 @ $3,999.19","$4,152,971"
22/03/2019 12:37,"-1.00079138 BTC (4,002.36 USD)","11,161.62154994 BTC","$44,637,460 @ $3,999.19","$4,152,971"
21/03/2019 19:17,+0.00000546 BTC (0.02 USD),"11,162.62234132 BTC","$45,208,243 @ $4,049.97","$4,719,751"
15/03/2019 20:26,+0.00000546 BTC (0.02 USD),"11,162.62233586 BTC","$43,460,983 @ $3,893.44","$2,972,491"
12/03/2019 12:33,"+16 BTC (61,415.06 USD)","11,162.6223304 BTC","$42,847,073 @ $3,838.44","$2,358,581"
9/03/2019 14:08,"+122 BTC (472,769.45 USD)","11,146.6223304 BTC","$43,194,939 @ $3,875.16","$2,767,862"
6/03/2019 9:31,"+10 BTC (38,539.78 USD)","11,024.6223304 BTC","$42,488,656 @ $3,853.98","$2,534,349"
5/03/2019 9:14,"+41 BTC (152,533.6 USD)","11,014.6223304 BTC","$40,978,049 @ $3,720.33","$1,062,282"
4/03/2019 4:21,"+72 BTC (274,199.87 USD)","10,973.6223304 BTC","$41,791,192 @ $3,808.33","$2,027,958"
2/03/2019 8:19,"+81 BTC (311,416.69 USD)","10,901.6223304 BTC","$41,912,927 @ $3,844.65","$2,423,893"
28/02/2019 8:35,"+33 BTC (124,423.06 USD)","10,820.6223304 BTC","$40,798,030 @ $3,770.4","$1,620,413"
27/02/2019 9:54,"+334 BTC (1,274,398.51 USD)","10,787.6223304 BTC","$41,160,868 @ $3,815.56","$2,107,673"
14/02/2019 11:28,"+4,934.6199904 BTC (17,842,747.54 USD)","10,453.6223304 BTC","$37,798,522 @ $3,615.83","$19,726"
14/02/2019 10:07,"+4,500 BTC (16,251,593.47 USD)","5,519.00234 BTC","$19,931,685 @ $3,611.47","-$4,363"
14/02/2019 6:22,"-100.00011 BTC (360,263.86 USD)","1,019.00234 BTC","$3,671,093 @ $3,602.63","-$13,362"
13/02/2019 8:54,"+1,119 BTC (4,044,710.12 USD)","1,119.00245 BTC","$4,044,719 @ $3,614.58",$0
13/02/2019 8:26,-0.00311 BTC (11.24 USD),0.00245 BTC,"$9 @ $3,614.58",$0
12/02/2019 9:12,+0.00556 BTC (20.18 USD),0.00556 BTC,"$20 @ $3,628.69",$0
11/02/2019 8:58,-0.001 BTC (3.65 USD),0 BTC,"$0 @ $3,648.74",$0
6/02/2019 13:18,+0.001 BTC (3.41 USD),0.001 BTC,"$3 @ $3,405.72",$0
