,date,close
0,2014-03-19,7700140506.0
1,2014-03-20,7378309861.0
2,2014-03-21,7179602543.0
3,2014-03-22,7125487905.0
4,2014-03-23,7105506101.0
5,2014-03-24,7392286405.0
6,2014-03-25,7370657785.0
7,2014-03-26,7337887104.0
8,2014-03-27,5983834490.0
9,2014-03-28,6331280141.0
10,2014-03-29,6211737934.0
11,2014-03-30,5822876641.0
12,2014-03-31,5757067461.0
13,2014-04-01,6062811627.0
14,2014-04-02,5559342480.0
15,2014-04-03,5708178795.0
16,2014-04-04,5722348588.0
17,2014-04-05,5878817744.0
18,2014-04-06,5787169775.0
19,2014-04-07,5671751554.0
20,2014-04-08,5753123342.0
21,2014-04-09,5602451969.0
22,2014-04-10,4604046356.0
23,2014-04-11,5366814625.0
24,2014-04-12,5370704647.0
25,2014-04-13,5291306568.0
26,2014-04-14,5829913901.0
27,2014-04-15,6626085011.0
28,2014-04-16,6743079365.0
29,2014-04-17,6367048832.0
30,2014-04-18,6149574428.0
31,2014-04-19,6417931890.0
32,2014-04-20,6384446017.0
33,2014-04-21,6339655392.0
34,2014-04-22,6253159466.0
35,2014-04-23,6278240710.0
36,2014-04-24,6407134317.0
37,2014-04-25,5952839340.0
38,2014-04-26,5855602994.0
39,2014-04-27,5501947195.0
40,2014-04-28,5666016020.0
41,2014-04-29,5733852667.0
42,2014-04-30,5742958681.0
43,2014-05-01,5900449064.0
44,2014-05-02,5816428174.0
45,2014-05-03,5625530979.0
46,2014-05-04,5617011560.0
47,2014-05-05,5550868394.0
48,2014-05-06,5487628757.0
49,2014-05-07,5642717165.0
50,2014-05-08,5612705213.0
51,2014-05-09,5804025985.0
52,2014-05-10,5842346150.0
53,2014-05-11,5658851002.0
54,2014-05-12,5691233421.0
55,2014-05-13,5647598803.0
56,2014-05-14,5740839753.0
57,2014-05-15,5750440755.0
58,2014-05-16,5761947553.0
59,2014-05-17,5782107713.0
60,2014-05-18,5775347857.0
61,2014-05-19,5794870838.0
62,2014-05-20,6317085029.0
63,2014-05-21,6384175403.0
64,2014-05-22,6859142720.0
65,2014-05-23,6784842900.0
66,2014-05-24,6840218089.0
67,2014-05-25,7449311247.0
68,2014-05-26,7535617118.0
69,2014-05-27,7415652360.0
70,2014-05-28,7501036178.0
71,2014-05-29,7406149834.0
72,2014-05-30,8032977123.0
73,2014-05-31,8118119738.0
74,2014-06-01,8190759985.0
75,2014-06-02,8585036789.0
76,2014-06-03,8694808998.0
77,2014-06-04,8306213352.0
78,2014-06-05,8566402816.0
79,2014-06-06,8388950222.0
80,2014-06-07,8512514842.0
81,2014-06-08,8538703837.0
82,2014-06-09,8420515244.0
83,2014-06-10,8427926520.0
84,2014-06-11,8060815753.0
85,2014-06-12,7396994894.0
86,2014-06-13,7694746573.0
87,2014-06-14,7364496316.0
88,2014-06-15,7665258183.0
89,2014-06-16,7643452185.0
90,2014-06-17,7896243559.0
91,2014-06-18,7903675468.0
92,2014-06-19,7729982751.0
93,2014-06-20,7656917703.0
94,2014-06-21,7694824420.0
95,2014-06-22,7844175410.0
96,2014-06-23,7686189734.0
97,2014-06-24,7479118361.0
98,2014-06-25,7313867566.0
99,2014-06-26,7575743502.0
100,2014-06-27,7835130588.0
101,2014-06-28,7694817353.0
102,2014-06-29,7847760411.0
103,2014-06-30,8379261830.0
104,2014-07-01,8336589356.0
105,2014-07-02,8488299468.0
106,2014-07-03,8437590283.0
107,2014-07-04,8218904246.0
108,2014-07-05,8225544381.0
109,2014-07-06,8248681072.0
110,2014-07-07,8137755768.0
111,2014-07-08,8168713064.0
112,2014-07-09,8116270831.0
113,2014-07-10,8016643801.0
114,2014-07-11,8310397617.0
115,2014-07-12,8349292457.0
116,2014-07-13,8270825071.0
117,2014-07-14,8143792842.0
118,2014-07-15,8123370352.0
119,2014-07-16,8086808038.0
120,2014-07-17,8164522085.0
121,2014-07-18,8297643170.0
122,2014-07-19,8244041817.0
123,2014-07-20,8241346617.0
124,2014-07-21,8184015800.0
125,2014-07-22,8122977700.0
126,2014-07-23,8158155027.0
127,2014-07-24,7902314848.0
128,2014-07-25,7919062738.0
129,2014-07-26,7830786652.0
130,2014-07-27,7767974426.0
131,2014-07-28,7715961388.0
132,2014-07-29,7706328180.0
133,2014-07-30,7414685712.0
134,2014-07-31,7656986551.0
135,2014-08-01,7878547252.0
136,2014-08-02,7761791088.0
137,2014-08-03,7767225052.0
138,2014-08-04,7760864803.0
139,2014-08-05,7671016793.0
140,2014-08-06,7662939027.0
141,2014-08-07,7723645676.0
142,2014-08-08,7751682033.0
143,2014-08-09,7750074937.0
144,2014-08-10,7805645473.0
145,2014-08-11,7576737484.0
146,2014-08-12,7481259586.0
147,2014-08-13,7245133148.0
148,2014-08-14,6706795731.0
149,2014-08-15,6601287523.0
150,2014-08-16,6907806684.0
151,2014-08-17,6587928746.0
152,2014-08-18,6294887714.0
153,2014-08-19,6441756088.0
154,2014-08-20,6860922060.0
155,2014-08-21,6903001463.0
156,2014-08-22,6861158112.0
157,2014-08-23,6623410115.0
158,2014-08-24,6789391314.0
159,2014-08-25,6771533667.0
160,2014-08-26,6861264884.0
161,2014-08-27,6857116174.0
162,2014-08-28,6773544485.0
163,2014-08-29,6798596035.0
164,2014-08-30,6697583793.0
165,2014-08-31,6423589157.0
166,2014-09-01,6359071287.0
167,2014-09-02,6356832714.0
168,2014-09-03,6375576713.0
169,2014-09-04,6543124953.0
170,2014-09-05,6412261668.0
171,2014-09-06,6445516674.0
172,2014-09-07,6399259547.0
173,2014-09-08,6314238712.0
174,2014-09-09,6379477871.0
175,2014-09-10,6428829570.0
176,2014-09-11,6419874453.0
177,2014-09-12,6401935751.0
178,2014-09-13,6450974761.0
179,2014-09-14,6432431591.0
180,2014-09-15,6347849311.0
181,2014-09-16,6248699943.0
182,2014-09-17,6111715297.0
183,2014-09-18,5754272000.0
184,2014-09-19,5362493634.0
185,2014-09-20,5533641909.0
186,2014-09-21,5420376551.0
187,2014-09-22,5431860184.0
188,2014-09-23,5955641719.0
189,2014-09-24,5750659832.0
190,2014-09-25,5552290557.0
191,2014-09-26,5497270876.0
192,2014-09-27,5468861416.0
193,2014-09-28,5120811611.0
194,2014-09-29,5104220255.0
195,2014-09-30,5334759525.0
196,2014-10-01,5247243159.0
197,2014-10-02,5105950102.0
198,2014-10-03,4889637168.0
199,2014-10-04,4449776210.0
200,2014-10-05,4420911483.0
201,2014-10-06,4487575322.0
202,2014-10-07,4570029597.0
203,2014-10-08,4854407679.0
204,2014-10-09,4960209827.0
205,2014-10-10,4914427771.0
206,2014-10-11,4930164873.0
207,2014-10-12,5158044886.0
208,2014-10-13,5353150478.0
209,2014-10-14,5494188445.0
210,2014-10-15,5370629060.0
211,2014-10-16,5227007679.0
212,2014-10-17,5222459529.0
213,2014-10-18,5312102067.0
214,2014-10-19,5277730572.0
215,2014-10-20,5190824626.0
216,2014-10-21,5258782506.0
217,2014-10-22,5212716850.0
218,2014-10-23,4870001325.0
219,2014-10-24,4894959608.0
220,2014-10-25,4756459077.0
221,2014-10-26,4851974942.0
222,2014-10-27,4781389667.0
223,2014-10-28,4852604193.0
224,2014-10-29,4583913915.0
225,2014-10-30,4720244590.0
226,2014-10-31,4607619152.0
227,2014-11-01,4423106549.0
228,2014-11-02,4431124648.0
229,2014-11-03,4444736635.0
230,2014-11-04,4509711389.0
231,2014-11-05,4624184147.0
232,2014-11-06,4780484957.0
233,2014-11-07,4675850493.0
234,2014-11-08,4728163028.0
235,2014-11-09,4999737581.0
236,2014-11-10,5017751549.0
237,2014-11-11,5073736260.0
238,2014-11-12,5824128877.0
239,2014-11-13,5756556903.0
240,2014-11-14,5471188332.0
241,2014-11-15,5156381921.0
242,2014-11-16,5341329327.0
243,2014-11-17,5307797726.0
244,2014-11-18,5129806339.0
245,2014-11-19,5186348242.0
246,2014-11-20,4877534558.0
247,2014-11-21,4809995600.0
248,2014-11-22,4837379099.0
249,2014-11-23,5049473935.0
250,2014-11-24,5167519127.0
251,2014-11-25,5187760561.0
252,2014-11-26,5063768961.0
253,2014-11-27,5087092418.0
254,2014-11-28,5181435940.0
255,2014-11-29,5168214109.0
256,2014-11-30,5196217340.0
257,2014-12-01,5190238101.0
258,2014-12-02,5232334767.0
259,2014-12-03,5174637479.0
260,2014-12-04,5087805239.0
261,2014-12-05,5181823636.0
262,2014-12-06,5156270654.0
263,2014-12-07,5206142610.0
264,2014-12-08,4984109968.0
265,2014-12-09,4855705789.0
266,2014-12-10,4759640162.0
267,2014-12-11,4811961380.0
268,2014-12-12,4862490112.0
269,2014-12-13,4853365617.0
270,2014-12-14,4929786468.0
271,2014-12-15,4823443055.0
272,2014-12-16,4544111234.0
273,2014-12-17,4450186744.0
274,2014-12-18,4321103914.0
275,2014-12-19,4401040025.0
276,2014-12-20,4587738803.0
277,2014-12-21,4434038558.0
278,2014-12-22,4594263677.0
279,2014-12-23,4668222158.0
280,2014-12-24,4477179602.0
281,2014-12-25,4432261160.0
282,2014-12-26,4549371553.0
283,2014-12-27,4387082241.0
284,2014-12-28,4411142716.0
285,2014-12-29,4346010842.0
286,2014-12-30,4317687263.0
287,2014-12-31,4457270845.0
288,2015-01-01,4357779032.0
289,2015-01-02,4379660085.0
290,2015-01-03,3916729516.0
291,2015-01-04,3674504334.0
292,2015-01-05,3852152923.0
293,2015-01-09,4090573968.0
294,2015-01-10,3835023522.0
295,2015-01-11,3713595165.0
296,2015-01-12,3726184467.0
297,2015-01-13,3163815762.0
298,2015-01-14,2391329444.0
299,2015-01-15,2944753409.0
300,2015-01-16,2903193375.0
301,2015-01-17,2786894320.0
302,2015-01-18,2960105492.0
303,2015-01-19,3023447868.0
304,2015-01-20,2945232078.0
305,2015-01-21,3176259633.0
306,2015-01-22,3273310751.0
307,2015-01-23,3266413459.0
308,2015-01-24,3483490206.0
309,2015-01-25,3574650790.0
310,2015-01-26,3843031163.0
311,2015-01-27,3689851551.0
312,2015-01-28,3300727219.0
313,2015-01-29,3298035586.0
314,2015-01-30,3202819510.0
315,2015-01-31,3035176101.0
316,2015-02-01,3182129198.0
317,2015-02-02,3342264928.0
318,2015-02-03,3195422550.0
319,2015-02-04,3182866643.0
320,2015-02-05,3040241961.0
321,2015-02-06,3132034399.0
322,2015-02-07,3200744741.0
323,2015-02-08,3143997477.0
324,2015-02-09,3104480389.0
325,2015-02-10,3099179635.0
326,2015-02-11,3089392808.0
327,2015-02-12,3135761860.0
328,2015-02-13,3329390940.0
329,2015-02-14,3606963372.0
330,2015-02-15,3315288888.0
331,2015-02-16,3300127465.0
332,2015-02-17,3440315486.0
333,2015-02-18,3338115002.0
334,2015-02-19,3384201119.0
335,2015-02-20,3451971193.0
336,2015-02-21,3449853832.0
337,2015-02-22,3333175081.0
338,2015-02-23,3377936093.0
339,2015-02-24,3380741983.0
340,2015-02-25,3357692200.0
341,2015-02-26,3342578137.0
342,2015-02-27,3566379691.0
343,2015-02-28,3577164682.0
344,2015-03-01,3652472846.0
345,2015-03-02,3886249001.0
346,2015-03-03,3967539389.0
347,2015-03-04,3826133894.0
348,2015-03-05,3857573049.0
349,2015-03-06,3851630463.0
350,2015-03-07,3908678609.0
351,2015-03-08,3890998511.0
352,2015-03-09,4062104619.0
353,2015-03-10,4097315710.0
354,2015-03-11,4188496625.0
355,2015-03-12,4171896475.0
356,2015-03-13,4000397489.0
357,2015-03-14,3984398317.0
358,2015-03-15,4059016834.0
359,2015-03-16,4094279933.0
360,2015-03-17,4003942685.0
361,2015-03-18,3633160552.0
362,2015-03-19,3710352632.0
363,2015-03-20,3713823214.0
364,2015-03-21,3690314911.0
365,2015-03-22,3805756613.0
366,2015-03-23,3781990546.0
367,2015-03-24,3485949837.0
368,2015-03-25,3515531032.0
369,2015-03-26,3545369375.0
370,2015-03-27,3529426886.0
371,2015-03-28,3597775435.0
372,2015-03-29,3449366177.0
373,2015-03-30,3531641724.0
374,2015-03-31,3477409454.0
375,2015-04-01,3512498388.0
376,2015-04-02,3607874358.0
377,2015-04-03,3619482332.0
378,2015-04-04,3610808724.0
379,2015-04-05,3713305971.0
380,2015-04-06,3641241478.0
381,2015-04-07,3616181778.0
382,2015-04-08,3489706222.0
383,2015-04-09,3466684584.0
384,2015-04-10,3360392601.0
385,2015-04-11,3361626260.0
386,2015-04-12,3371810435.0
387,2015-04-13,3182664714.0
388,2015-04-14,3077323786.0
389,2015-04-15,3177288767.0
390,2015-04-16,3243512093.0
391,2015-04-17,3173018194.0
392,2015-04-18,3185401875.0
393,2015-04-19,3177626483.0
394,2015-04-20,3202584712.0
395,2015-04-21,3366036512.0
396,2015-04-22,3334170557.0
397,2015-04-23,3372355252.0
398,2015-04-24,3287595578.0
399,2015-04-25,3229279236.0
400,2015-04-26,3141018066.0
401,2015-04-27,3249379086.0
402,2015-04-28,3218378288.0
403,2015-04-29,3222213253.0
404,2015-04-30,3373883862.0
405,2015-05-01,3298058569.0
406,2015-05-02,3338777530.0
407,2015-05-03,3416798120.0
408,2015-05-04,3406830886.0
409,2015-05-05,3360268265.0
410,2015-05-06,3266900248.0
411,2015-05-07,3385903469.0
412,2015-05-08,3476479954.0
413,2015-05-09,3458559529.0
414,2015-05-10,3424052573.0
415,2015-05-11,3455173448.0
416,2015-05-12,3454186089.0
417,2015-05-13,3381999785.0
418,2015-05-14,3400929207.0
419,2015-05-15,3404904210.0
420,2015-05-16,3380471713.0
421,2015-05-17,3390667440.0
422,2015-05-18,3346303528.0
423,2015-05-19,3325719773.0
424,2015-05-20,3370107955.0
425,2015-05-21,3379029213.0
426,2015-05-22,3438228984.0
427,2015-05-23,3422851963.0
428,2015-05-24,3449654699.0
429,2015-05-25,3398526242.0
430,2015-05-26,3401931008.0
431,2015-05-27,3397121715.0
432,2015-05-28,3419327679.0
433,2015-05-29,3412108883.0
434,2015-05-30,3352940218.0
435,2015-05-31,3314383665.0
436,2015-06-01,3234106715.0
437,2015-06-02,3260311482.0
438,2015-06-03,3245385162.0
439,2015-06-04,3227596464.0
440,2015-06-05,3249285776.0
441,2015-06-06,3258994340.0
442,2015-06-07,3231959208.0
443,2015-06-08,3311666245.0
444,2015-06-09,3317949330.0
445,2015-06-10,3305531915.0
446,2015-06-11,3321886925.0
447,2015-06-12,3326669039.0
448,2015-06-13,3360483093.0
449,2015-06-14,3372562803.0
450,2015-06-15,3428647404.0
451,2015-06-16,3635040560.0
452,2015-06-17,3603230447.0
453,2015-06-18,3613417893.0
454,2015-06-19,3545029596.0
455,2015-06-20,3561136601.0
456,2015-06-21,3550069191.0
457,2015-06-22,3584969508.0
458,2015-06-23,3548957833.0
459,2015-06-24,3496055997.0
460,2015-06-25,3522429468.0
461,2015-06-26,3536316548.0
462,2015-06-27,3655762418.0
463,2015-06-28,3623279757.0
464,2015-06-29,3732423486.0
465,2015-06-30,3825309846.0
466,2015-07-01,3754446421.0
467,2015-07-02,3710029763.0
468,2015-07-03,3730483518.0
469,2015-07-04,3794009936.0
470,2015-07-05,3962260709.0
471,2015-07-06,3917840308.0
472,2015-07-07,3874443033.0
473,2015-07-08,3947765897.0
474,2015-07-09,3924953899.0
475,2015-07-10,4164955965.0
476,2015-07-11,4254122448.0
477,2015-07-12,4537818132.0
478,2015-07-13,4279976470.0
479,2015-07-14,4204325999.0
480,2015-07-15,4176694674.0
481,2015-07-16,4059623248.0
482,2015-07-17,4084480246.0
483,2015-07-18,4045737456.0
484,2015-07-19,4033528994.0
485,2015-07-20,4084362802.0
486,2015-07-21,4052250025.0
487,2015-07-22,4066742788.0
488,2015-07-23,4051341948.0
489,2015-07-24,4231765161.0
490,2015-07-25,4228126058.0
491,2015-07-26,4302080261.0
492,2015-07-27,4317151459.0
493,2015-07-28,4314008162.0
494,2015-07-29,4252113823.0
495,2015-07-30,4227261736.0
496,2015-07-31,4175466755.0
497,2015-08-01,4112128835.0
498,2015-08-02,4151450986.0
499,2015-08-03,4123247875.0
500,2015-08-04,4189118799.0
501,2015-08-05,4133130431.0
502,2015-08-06,4081289840.0
503,2015-08-07,4110496221.0
504,2015-08-08,3853859584.0
505,2015-08-09,3902733886.0
506,2015-08-10,3892444323.0
507,2015-08-11,3992495715.0
508,2015-08-12,3942860807.0
509,2015-08-13,3895800801.0
510,2015-08-14,3908325344.0
511,2015-08-15,3850044438.0
512,2015-08-16,3777499548.0
513,2015-08-17,3782324090.0
514,2015-08-18,3316300508.0
515,2015-08-19,3347116300.0
516,2015-08-20,3474829136.0
517,2015-08-21,3444104127.0
518,2015-08-22,3406978443.0
519,2015-08-23,3381082330.0
520,2015-08-24,3096675812.0
521,2015-08-25,3284322068.0
522,2015-08-26,3334729280.0
523,2015-08-27,3322773315.0
524,2015-08-28,3418836495.0
525,2015-08-29,3402869303.0
526,2015-08-30,3386317306.0
527,2015-08-31,3398192500.0
528,2015-09-01,3370071506.0
529,2015-09-02,3387621047.0
530,2015-09-03,3358683118.0
531,2015-09-04,3406664458.0
532,2015-09-05,3486312325.0
533,2015-09-06,3560173119.0
534,2015-09-07,3557937622.0
535,2015-09-08,3615677263.0
536,2015-09-09,3531013853.0
537,2015-09-10,3534892737.0
538,2015-09-11,3554523609.0
539,2015-09-12,3477856231.0
540,2015-09-13,3406366338.0
541,2015-09-14,3406736035.0
542,2015-09-15,3412383564.0
543,2015-09-16,3389017069.0
544,2015-09-17,3445631262.0
545,2015-09-18,3460353713.0
546,2015-09-19,3413336443.0
547,2015-09-20,3423923265.0
548,2015-09-21,3364134921.0
549,2015-09-22,3425944981.0
550,2015-09-23,3410947904.0
551,2015-09-24,3475939827.0
552,2015-09-25,3494938407.0
553,2015-09-26,3474220276.0
554,2015-09-27,3459946128.0
555,2015-09-28,3559462494.0
556,2015-09-29,3525997870.0
557,2015-09-30,3515221450.0
558,2015-10-01,3527365145.0
559,2015-10-02,3534834669.0
560,2015-10-03,3551254504.0
561,2015-10-04,3552248033.0
562,2015-10-05,3585366033.0
563,2015-10-06,3669783123.0
564,2015-10-07,3620371727.0
565,2015-10-08,3615473838.0
566,2015-10-09,3640492281.0
567,2015-10-10,3658980862.0
568,2015-10-11,3699719711.0
569,2015-10-12,3666985148.0
570,2015-10-13,3723947665.0
571,2015-10-14,3761762464.0
572,2015-10-15,3791225504.0
573,2015-10-16,3917129453.0
574,2015-10-17,4019569581.0
575,2015-10-18,3893696638.0
576,2015-10-19,3931843250.0
577,2015-10-20,4035573003.0
578,2015-10-21,3992769834.0
579,2015-10-22,4101921757.0
580,2015-10-23,4150691538.0
581,2015-10-24,4213470054.0
582,2015-10-25,4236982397.0
583,2015-10-26,4279291727.0
584,2015-10-27,4408462276.0
585,2015-10-28,4559145295.0
586,2015-10-29,4697304638.0
587,2015-10-30,4904083771.0
588,2015-10-31,4626701383.0
589,2015-11-01,4869826428.0
590,2015-11-02,5402328527.0
591,2015-11-03,6027561886.0
592,2015-11-04,6082082133.0
593,2015-11-05,5747695296.0
594,2015-11-06,5587151899.0
595,2015-11-07,5721537503.0
596,2015-11-08,5569878282.0
597,2015-11-09,5646103847.0
598,2015-11-10,5034811634.0
599,2015-11-11,4635451412.0
600,2015-11-12,5041733957.0
601,2015-11-13,5039613128.0
602,2015-11-14,4980424046.0
603,2015-11-15,4783833709.0
604,2015-11-16,4956314519.0
605,2015-11-17,5033802583.0
606,2015-11-18,5038304325.0
607,2015-11-19,4892605924.0
608,2015-11-20,4832828243.0
609,2015-11-21,4899696175.0
610,2015-11-22,4872833776.0
611,2015-11-23,4862241278.0
612,2015-11-24,4804979685.0
613,2015-11-25,4942450258.0
614,2015-11-26,5304092095.0
615,2015-11-27,5362627986.0
616,2015-11-28,5358496150.0
617,2015-11-29,5586962444.0
618,2015-11-30,5663690703.0
619,2015-12-01,5458542307.0
620,2015-12-02,5397049364.0
621,2015-12-03,5435566693.0
622,2015-12-04,5470214051.0
623,2015-12-05,5833676414.0
624,2015-12-06,5848276031.0
625,2015-12-07,5958396604.0
626,2015-12-08,6295484937.0
627,2015-12-09,6283217389.0
628,2015-12-10,6260112533.0
629,2015-12-11,6823890027.0
630,2015-12-12,6570624965.0
631,2015-12-13,6536819086.0
632,2015-12-14,6690858835.0
633,2015-12-15,7007118242.0
634,2015-12-16,6878045391.0
635,2015-12-17,6881638890.0
636,2015-12-18,6976521750.0
637,2015-12-19,6964198333.0
638,2015-12-20,6688633958.0
639,2015-12-21,6621012212.0
640,2015-12-22,6581799077.0
641,2015-12-23,6688270634.0
642,2015-12-24,6877189200.0
643,2015-12-25,6886362282.0
644,2015-12-26,6313104545.0
645,2015-12-27,6391187099.0
646,2015-12-28,6389939413.0
647,2015-12-29,6544623530.0
648,2015-12-30,6455665589.0
649,2015-12-31,6530137955.0
650,2016-01-01,6574923671.0
651,2016-01-02,6571526363.0
652,2016-01-03,6544656803.0
653,2016-01-04,6592796496.0
654,2016-01-05,6566701951.0
655,2016-01-06,6520952982.0
656,2016-01-07,6935698633.0
657,2016-01-08,6872290848.0
658,2016-01-09,6815960452.0
659,2016-01-10,6827395097.0
660,2016-01-11,6815465819.0
661,2016-01-12,6617193725.0
662,2016-01-13,6585056030.0
663,2016-01-14,6539591497.0
664,2016-01-15,5484491875.0
665,2016-01-16,5895203087.0
666,2016-01-17,5815643007.0
667,2016-01-18,5890583324.0
668,2016-01-19,5754173995.0
669,2016-01-20,6357779211.0
670,2016-01-21,6261029435.0
671,2016-01-22,5850133962.0
672,2016-01-23,5904813899.0
673,2016-01-24,6157788593.0
674,2016-01-25,5985742922.0
675,2016-01-26,6018024391.0
676,2016-01-27,6075508873.0
677,2016-01-28,5834504648.0
678,2016-01-29,5809079152.0
679,2016-01-30,5761536978.0
680,2016-01-31,5663321856.0
681,2016-02-01,5714066813.0
682,2016-02-02,5732604537.0
683,2016-02-03,5661984819.0
684,2016-02-04,5961007688.0
685,2016-02-05,5921122083.0
686,2016-02-06,5772427757.0
687,2016-02-07,5777765076.0
688,2016-02-08,5714553053.0
689,2016-02-09,5749588397.0
690,2016-02-10,5846412880.0
691,2016-02-11,5818658360.0
692,2016-02-12,5909928097.0
693,2016-02-13,6028096316.0
694,2016-02-14,6252366188.0
695,2016-02-15,6166689895.0
696,2016-02-16,6294470920.0
697,2016-02-17,6410032578.0
698,2016-02-18,6494112932.0
699,2016-02-19,6470774305.0
700,2016-02-20,6699192127.0
701,2016-02-21,6773568360.0
702,2016-02-22,6769828839.0
703,2016-02-23,6472492131.0
704,2016-02-24,6545683947.0
705,2016-02-25,6543217442.0
706,2016-02-26,6670152117.0
707,2016-02-27,6655484632.0
708,2016-02-28,6674058856.0
709,2016-02-29,6729503075.0
710,2016-03-01,6685137675.0
711,2016-03-02,6546103557.0
712,2016-03-03,6506098010.0
713,2016-03-04,6317473543.0
714,2016-03-05,6194149076.0
715,2016-03-06,6303049911.0
716,2016-03-07,6422178551.0
717,2016-03-08,6389717531.0
718,2016-03-09,6409635943.0
719,2016-03-10,6466942828.0
720,2016-03-11,6516325396.0
721,2016-03-12,6391319354.0
722,2016-03-13,6439058264.0
723,2016-03-14,6462573293.0
724,2016-03-15,6476545147.0
725,2016-03-16,6492138916.0
726,2016-03-17,6517867404.0
727,2016-03-18,6351622381.0
728,2016-03-19,6371544659.0
729,2016-03-20,6418875351.0
730,2016-03-21,6426375067.0
731,2016-03-22,6501379430.0
732,2016-03-23,6521548041.0
733,2016-03-24,6489797573.0
734,2016-03-25,6502428913.0
735,2016-03-26,6520996661.0
736,2016-03-27,6520180911.0
737,2016-03-28,6616877155.0
738,2016-03-29,6515632969.0
739,2016-03-30,6476761871.0
740,2016-03-31,6489599081.0
741,2016-04-01,6518038704.0
742,2016-04-02,6564179827.0
743,2016-04-03,6574941287.0
744,2016-04-04,6571899866.0
745,2016-04-05,6627733714.0
746,2016-04-06,6601422185.0
747,2016-04-07,6582773822.0
748,2016-04-08,6546941460.0
749,2016-04-09,6550097002.0
750,2016-04-10,6558012521.0
751,2016-04-14,6657955338.0
752,2016-04-15,6725088030.0
753,2016-04-16,6745401372.0
754,2016-04-17,6707993957.0
755,2016-04-18,6717983580.0
756,2016-04-19,6835156426.0
757,2016-04-20,6934517572.0
758,2016-04-21,7069006883.0
759,2016-04-22,7021651703.0
760,2016-04-23,7086284698.0
761,2016-04-24,7227701386.0
762,2016-04-25,7257116338.0
763,2016-04-26,7335486717.0
764,2016-04-27,6996165939.0
765,2016-04-28,7056804723.0
766,2016-04-29,7171502219.0
767,2016-04-30,7047243357.0
768,2016-05-01,7132990503.0
769,2016-05-02,6994109099.0
770,2016-05-03,7095107771.0
771,2016-05-04,7033092244.0
772,2016-05-05,7060468001.0
773,2016-05-06,7213051900.0
774,2016-05-07,7204809325.0
775,2016-05-08,7222033781.0
776,2016-05-09,7259725455.0
777,2016-05-10,7116229018.0
778,2016-05-11,7138771228.0
779,2016-05-12,7174701651.0
780,2016-05-13,7189881982.0
781,2016-05-14,7183839522.0
782,2016-05-15,7229663424.0
783,2016-05-16,7174482768.0
784,2016-05-17,7159783096.0
785,2016-05-18,7158033267.0
786,2016-05-19,6900704423.0
787,2016-05-20,7007659069.0
788,2016-05-21,7019879389.0
789,2016-05-22,6960753110.0
790,2016-05-23,7026087517.0
791,2016-05-24,7040815287.0
792,2016-05-25,7113365305.0
793,2016-05-26,7169256434.0
794,2016-05-27,7472737501.0
795,2016-05-28,8209468538.0
796,2016-05-29,8241443154.0
797,2016-05-30,8392014601.0
798,2016-05-31,8456879482.0
799,2016-06-01,8539356563.0
800,2016-06-02,8553988291.0
801,2016-06-03,9058697395.0
802,2016-06-04,9125043165.0
803,2016-06-05,9143061418.0
804,2016-06-06,9306436629.0
805,2016-06-07,9194943958.0
806,2016-06-08,9286550978.0
807,2016-06-09,9165951244.0
808,2016-06-10,9212507750.0
809,2016-06-11,9712422398.0
810,2016-06-12,10697972280.0
811,2016-06-13,11215235348.0
812,2016-06-14,10920996587.0
813,2016-06-15,11071266797.0
814,2016-06-16,12199201944.0
815,2016-06-17,11856222762.0
816,2016-06-18,12001877770.0
817,2016-06-19,12128199264.0
818,2016-06-20,11641556417.0
819,2016-06-21,10636939203.0
820,2016-06-22,9592341854.0
821,2016-06-23,9970286709.0
822,2016-06-24,10546499879.0
823,2016-06-25,10509779609.0
824,2016-06-26,10105007797.0
825,2016-06-27,10397682095.0
826,2016-06-28,10373826301.0
827,2016-06-29,10270037546.0
828,2016-06-30,10786442046.0
829,2016-07-01,10847263893.0
830,2016-07-02,11187521065.0
831,2016-07-03,10553741900.0
832,2016-07-04,10893360659.0
833,2016-07-05,10684791826.0
834,2016-07-06,10816518117.0
835,2016-07-07,10232085608.0
836,2016-07-08,10616054051.0
837,2016-07-09,10492479027.0
838,2016-07-10,10467989686.0
839,2016-07-11,10522162351.0
840,2016-07-12,10947952051.0
841,2016-07-13,10795971848.0
842,2016-07-14,10864802994.0
843,2016-07-15,10927390354.0
844,2016-07-16,10910103695.0
845,2016-07-17,11201879949.0
846,2016-07-18,11026314920.0
847,2016-07-19,11173030778.0
848,2016-07-20,11006370247.0
849,2016-07-21,10986126629.0
850,2016-07-22,10730979710.0
851,2016-07-23,10867146053.0
852,2016-07-24,11002567637.0
853,2016-07-25,10855127278.0
854,2016-07-26,10730946753.0
855,2016-07-27,10822294886.0
856,2016-07-28,10806092002.0
857,2016-07-29,10777858047.0
858,2016-07-30,10752337274.0
859,2016-07-31,10261898507.0
860,2016-08-01,9968784769.0
861,2016-08-02,8769796756.0
862,2016-08-03,9442563313.0
863,2016-08-04,9615375422.0
864,2016-08-05,9465878095.0
865,2016-08-06,9695250819.0
866,2016-08-07,9808512850.0
867,2016-08-08,9807257575.0
868,2016-08-09,9651290065.0
869,2016-08-10,9771466417.0
870,2016-08-11,9646961785.0
871,2016-08-12,9660217792.0
872,2016-08-13,9665777423.0
873,2016-08-14,9431294334.0
874,2016-08-15,9369918846.0
875,2016-08-16,9513084178.0
876,2016-08-17,9485613450.0
877,2016-08-18,9475979712.0
878,2016-08-19,9469397884.0
879,2016-08-20,9564944177.0
880,2016-08-21,9578797615.0
881,2016-08-22,9701039326.0
882,2016-08-23,9594025677.0
883,2016-08-24,9546615779.0
884,2016-08-25,9467165836.0
885,2016-08-26,9506785446.0
886,2016-08-27,9371728133.0
887,2016-08-28,9473796079.0
888,2016-08-29,9502524184.0
889,2016-08-30,9553999986.0
890,2016-08-31,9550433784.0
891,2016-09-01,9429913885.0
892,2016-09-02,9536731024.0
893,2016-09-03,9916555682.0
894,2016-09-04,10076326027.0
895,2016-09-05,10077751333.0
896,2016-09-06,10163737261.0
897,2016-09-07,10201022650.0
898,2016-09-08,10340497177.0
899,2016-09-09,10291237026.0
900,2016-09-10,10310815042.0
901,2016-09-11,10019024695.0
902,2016-09-12,10060780902.0
903,2016-09-13,10057099924.0
904,2016-09-14,10073872632.0
905,2016-09-15,10002139159.0
906,2016-09-16,10022018645.0
907,2016-09-17,10009300814.0
908,2016-09-18,10058178212.0
909,2016-09-19,10065786077.0
910,2016-09-20,9898827913.0
911,2016-09-21,9831988686.0
912,2016-09-22,9834619747.0
913,2016-09-23,9939606372.0
914,2016-09-24,9956810618.0
915,2016-09-25,9947251707.0
916,2016-09-26,10043651080.0
917,2016-09-27,10004550137.0
918,2016-09-28,9991248880.0
919,2016-09-29,9993528525.0
920,2016-09-30,10056006279.0
921,2016-10-01,10107031455.0
922,2016-10-02,10072852898.0
923,2016-10-03,10116644482.0
924,2016-10-04,10055398330.0
925,2016-10-05,10080370699.0
926,2016-10-06,10074198336.0
927,2016-10-07,10161020025.0
928,2016-10-08,10161619627.0
929,2016-10-09,10224214148.0
930,2016-10-10,10232772823.0
931,2016-10-11,10572252910.0
932,2016-10-12,10505383774.0
933,2016-10-13,10507023989.0
934,2016-10-14,10519226084.0
935,2016-10-15,10481455692.0
936,2016-10-16,10558234278.0
937,2016-10-17,10520525189.0
938,2016-10-18,10478527605.0
939,2016-10-19,10378411605.0
940,2016-10-20,10385916263.0
941,2016-10-21,10417283980.0
942,2016-10-22,10810968521.0
943,2016-10-23,10741859646.0
944,2016-10-24,10715002776.0
945,2016-10-25,10726023392.0
946,2016-10-26,11052104299.0
947,2016-10-27,11197257541.0
948,2016-10-28,11320360151.0
949,2016-10-29,11707351035.0
950,2016-10-30,11483626970.0
951,2016-10-31,11461988975.0
952,2016-11-01,11962252086.0
953,2016-11-02,12060126967.0
954,2016-11-03,11271681326.0
955,2016-11-04,11607382509.0
956,2016-11-05,11627097292.0
957,2016-11-06,11714027623.0
958,2016-11-07,11673100257.0
959,2016-11-08,11729843849.0
960,2016-11-09,11869539839.0
961,2016-11-10,11714867042.0
962,2016-11-11,11789218722.0
963,2016-11-12,11549085047.0
964,2016-11-13,11586865797.0
965,2016-11-14,11681569779.0
966,2016-11-15,11758600992.0
967,2016-11-16,12173737705.0
968,2016-11-17,12114484156.0
969,2016-11-18,12327162332.0
970,2016-11-19,12341475117.0
971,2016-11-20,11972000894.0
972,2016-11-21,12149419296.0
973,2016-11-22,12326572276.0
974,2016-11-23,12234283585.0
975,2016-11-24,12163419038.0
976,2016-11-25,12225826991.0
977,2016-11-26,12118973074.0
978,2016-11-27,12032432870.0
979,2016-11-28,12099710889.0
980,2016-11-29,12090015854.0
981,2016-11-30,12255586304.0
982,2016-12-01,12432742571.0
983,2016-12-02,12764746943.0
984,2016-12-03,12634370615.0
985,2016-12-04,12627539193.0
986,2016-12-05,12431419724.0
987,2016-12-06,12512078128.0
988,2016-12-07,12624008159.0
989,2016-12-08,12673996658.0
990,2016-12-09,12714979690.0
991,2016-12-10,12730887587.0
992,2016-12-11,12730833875.0
993,2016-12-12,12875624704.0
994,2016-12-13,12860875644.0
995,2016-12-14,12823278626.0
996,2016-12-15,12799163695.0
997,2016-12-16,13200123648.0
998,2016-12-17,13297454290.0
999,2016-12-18,13334453360.0
1000,2016-12-19,13315280142.0
1001,2016-12-20,13476314122.0
1002,2016-12-21,13933973503.0
1003,2016-12-22,14368585320.0
1004,2016-12-23,15283591757.0
1005,2016-12-24,14999295808.0
1006,2016-12-25,15014236325.0
1007,2016-12-26,15167482516.0
1008,2016-12-27,15631513585.0
1009,2016-12-28,16446822907.0
1010,2016-12-29,16314687361.0
1011,2016-12-30,16168258046.0
1012,2016-12-31,16351699232.0
1013,2017-01-01,16758537468.0
1014,2017-01-02,17134870697.0
1015,2017-01-03,17387911089.0
1016,2017-01-04,19187220766.0
1017,2017-01-05,16921047886.0
1018,2017-01-06,15075032329.0
1019,2017-01-07,15287867972.0
1020,2017-01-08,15419303849.0
1021,2017-01-09,15278838866.0
1022,2017-01-10,15322972696.0
1023,2017-01-11,13233900482.0
1024,2017-01-12,13676561171.0
1025,2017-01-13,14031479223.0
1026,2017-01-14,13993036636.0
1027,2017-01-15,14044218345.0
1028,2017-01-16,14172720462.0
1029,2017-01-17,15342040663.0
1030,2017-01-18,14991012738.0
1031,2017-01-19,15327335898.0
1032,2017-01-20,15197984471.0
1033,2017-01-21,15630327426.0
1034,2017-01-22,15665510925.0
1035,2017-01-23,15568574549.0
1036,2017-01-24,14956604885.0
1037,2017-01-25,15150622549.0
1038,2017-01-26,15516159746.0
1039,2017-01-27,15582927670.0
1040,2017-01-28,15603820026.0
1041,2017-01-29,15523286329.0
1042,2017-01-30,15635270801.0
1043,2017-01-31,16428785648.0
1044,2017-02-01,16731419179.0
1045,2017-02-02,17015333913.0
1046,2017-02-03,17173909913.0
1047,2017-02-04,17432352174.0
1048,2017-02-05,17093756409.0
1049,2017-02-06,17303651671.0
1050,2017-02-07,17813137793.0
1051,2017-02-08,17785574635.0
1052,2017-02-09,16707850264.0
1053,2017-02-10,16909903098.0
1054,2017-02-11,17125783435.0
1055,2017-02-12,17041197802.0
1056,2017-02-13,16924403627.0
1057,2017-02-14,17143318947.0
1058,2017-02-15,17169793655.0
1059,2017-02-16,17490041712.0
1060,2017-02-17,17904325088.0
1061,2017-02-18,17892228558.0
1062,2017-02-19,17845939415.0
1063,2017-02-20,18315979251.0
1064,2017-02-21,19089833256.0
1065,2017-02-22,19019071146.0
1066,2017-02-23,19903461030.0
1067,2017-02-24,19921159434.0
1068,2017-02-25,19363933554.0
1069,2017-02-26,19935321882.0
1070,2017-02-27,20140255397.0
1071,2017-02-28,20175665298.0
1072,2017-03-01,20786622289.0
1073,2017-03-02,21347326135.0
1074,2017-03-03,21859173125.0
1075,2017-03-04,21516516590.0
1076,2017-03-05,21626464203.0
1077,2017-03-06,21903260230.0
1078,2017-03-07,21036780330.0
1079,2017-03-08,19590388299.0
1080,2017-03-09,20406776360.0
1081,2017-03-10,18965601135.0
1082,2017-03-11,20352727231.0
1083,2017-03-12,21268807543.0
1084,2017-03-13,21534223117.0
1085,2017-03-14,21653410619.0
1086,2017-03-15,21959753706.0
1087,2017-03-16,20558876175.0
1088,2017-03-17,18867663869.0
1089,2017-03-18,17259566208.0
1090,2017-03-19,18079683016.0
1091,2017-03-20,18529490208.0
1092,2017-03-21,19671702212.0
1093,2017-03-22,18497939893.0
1094,2017-03-23,18557056146.0
1095,2017-03-24,16926757518.0
1096,2017-03-25,17326034106.0
1097,2017-03-26,17387167757.0
1098,2017-03-27,18624629037.0
1099,2017-03-28,18707822959.0
1100,2017-03-29,18649793823.0
1101,2017-03-30,18813703682.0
1102,2017-03-31,19727466083.0
1103,2017-04-01,19862517143.0
1104,2017-04-02,21508635146.0
1105,2017-04-03,21213021587.0
1106,2017-04-04,21406900354.0
1107,2017-04-05,21080454755.0
1108,2017-04-06,21912602200.0
1109,2017-04-07,22025169154.0
1110,2017-04-08,21853472664.0
1111,2017-04-09,22228747533.0
1112,2017-04-10,22226779355.0
1113,2017-04-11,22390905185.0
1114,2017-04-12,22424426710.0
1115,2017-04-13,21805965102.0
1116,2017-04-14,21722580079.0
1117,2017-04-15,21798950887.0
1118,2017-04-16,21851636923.0
1119,2017-04-17,22204374033.0
1120,2017-04-18,22377111991.0
1121,2017-04-19,22389438013.0
1122,2017-04-20,22785218552.0
1123,2017-04-21,23121445000.0
1124,2017-04-22,23001874197.0
1125,2017-04-23,23039339367.0
1126,2017-04-24,23218389117.0
1127,2017-04-25,23677727953.0
1128,2017-04-26,23915455864.0
1129,2017-04-27,25017155478.0
1130,2017-04-28,25485620469.0
1131,2017-04-29,26097758226.0
1132,2017-04-30,26282174004.0
1133,2017-05-01,27503087447.0
1134,2017-05-02,27935820802.0
1135,2017-05-03,29218048795.0
1136,2017-05-04,30566775356.0
1137,2017-05-05,31051943378.0
1138,2017-05-06,32201449505.0
1139,2017-05-07,34404641947.0
1140,2017-05-08,37812202217.0
1141,2017-05-09,36663725111.0
1142,2017-05-10,39225203955.0
1143,2017-05-11,39784430475.0
1144,2017-05-12,38320291031.0
1145,2017-05-13,39877875292.0
1146,2017-05-14,40514396415.0
1147,2017-05-15,41443867329.0
1148,2017-05-16,44214663718.0
1149,2017-05-17,47109439082.0
1150,2017-05-18,48039235252.0
1151,2017-05-19,48142565689.0
1152,2017-05-20,50624397459.0
1153,2017-05-21,50525825294.0
1154,2017-05-22,50702159711.0
1155,2017-05-23,55292684162.0
1156,2017-05-24,56812747879.0
1157,2017-05-25,52388774665.0
1158,2017-05-26,52504191398.0
1159,2017-05-27,46508274805.0
1160,2017-05-28,49834474930.0
1161,2017-05-29,51194870441.0
1162,2017-05-30,48685223922.0
1163,2017-05-31,52302177603.0
1164,2017-06-01,57959441654.0
1165,2017-06-02,58194780021.0
1166,2017-06-03,59575498857.0
1167,2017-06-04,59552942482.0
1168,2017-06-05,62621400727.0
1169,2017-06-06,66043194540.0
1170,2017-06-07,62132784443.0
1171,2017-06-08,64929135715.0
1172,2017-06-09,65226565772.0
1173,2017-06-10,65768594919.0
1174,2017-06-11,67848567165.0
1175,2017-06-12,61078426761.0
1176,2017-06-13,63320943307.0
1177,2017-06-14,58142375568.0
1178,2017-06-15,56767448101.0
1179,2017-06-16,58226695105.0
1180,2017-06-17,61673597929.0
1181,2017-06-18,59610455643.0
1182,2017-06-19,61946003944.0
1183,2017-06-20,65343538348.0
1184,2017-06-21,61984314479.0
1185,2017-06-22,63133129222.0
1186,2017-06-23,63718271938.0
1187,2017-06-24,60769344799.0
1188,2017-06-25,58294227420.0
1189,2017-06-26,55947883055.0
1190,2017-06-27,59472776878.0
1191,2017-06-28,59672712353.0
1192,2017-06-29,58690325315.0
1193,2017-06-30,56589867398.0
1194,2017-07-01,55130407965.0
1195,2017-07-02,57450310381.0
1196,2017-07-03,58157557016.0
1197,2017-07-04,59207714595.0
1198,2017-07-05,59764862164.0
1199,2017-07-06,59529220338.0
1200,2017-07-07,55871620361.0
1201,2017-07-08,57051858251.0
1202,2017-07-09,55766517996.0
1203,2017-07-10,50225457934.0
1204,2017-07-11,49268046700.0
1205,2017-07-12,52151764716.0
1206,2017-07-13,50950011934.0
1207,2017-07-14,69269179586.0
1208,2017-07-15,61337161254.0
1209,2017-07-16,57855677325.0
1210,2017-07-17,68605441970.0
1211,2017-07-18,75465649547.0
1212,2017-07-19,68878391363.0
1213,2017-07-20,85342790653.0
1214,2017-07-21,79940580979.0
1215,2017-07-22,85747157415.0
1216,2017-07-23,83732294233.0
1217,2017-07-24,83532778954.0
1218,2017-07-25,76205285770.0
1219,2017-07-26,75344124657.0
1220,2017-07-27,78174654642.0
1221,2017-07-28,77919007740.0
1222,2017-07-29,78043749466.0
1223,2017-07-30,77346531272.0
1224,2017-07-31,81025977432.0
1225,2017-08-01,81787823990.0
1226,2017-08-02,79862981702.0
1227,2017-08-03,84395280769.0
1228,2017-08-04,84692558633.0
1229,2017-08-05,96320192826.0
1230,2017-08-06,98480656457.0
1231,2017-08-07,105000000000.0
1232,2017-08-08,109000000000.0
1233,2017-08-09,105000000000.0
1234,2017-08-10,107000000000.0
1235,2017-08-11,113000000000.0
1236,2017-08-12,117000000000.0
1237,2017-08-13,118000000000.0
1238,2017-08-14,124000000000.0
1239,2017-08-15,119000000000.0
1240,2017-08-16,124000000000.0
1241,2017-08-17,124000000000.0
1242,2017-08-18,126000000000.0
1243,2017-08-19,126000000000.0
1244,2017-08-20,125000000000.0
1245,2017-08-21,126000000000.0
1246,2017-08-22,131000000000.0
1247,2017-08-23,132000000000.0
1248,2017-08-24,134000000000.0
1249,2017-08-25,137000000000.0
1250,2017-08-26,138000000000.0
1251,2017-08-27,139000000000.0
1252,2017-08-28,140000000000.0
1253,2017-08-29,145000000000.0
1254,2017-08-30,147000000000.0
1255,2017-08-31,152000000000.0
1256,2017-09-01,158000000000.0
1257,2017-09-02,145000000000.0
1258,2017-09-03,145000000000.0
1259,2017-09-04,131000000000.0
1260,2017-09-05,135000000000.0
1261,2017-09-06,144000000000.0
1262,2017-09-07,145000000000.0
1263,2017-09-08,135000000000.0
1264,2017-09-09,133000000000.0
1265,2017-09-10,131000000000.0
1266,2017-09-11,131000000000.0
1267,2017-09-12,130000000000.0
1268,2017-09-13,121000000000.0
1269,2017-09-14,98954339434.0
1270,2017-09-15,113000000000.0
1271,2017-09-16,113000000000.0
1272,2017-09-17,113000000000.0
1273,2017-09-18,127000000000.0
1274,2017-09-19,121000000000.0
1275,2017-09-20,120000000000.0
1276,2017-09-21,111000000000.0
1277,2017-09-22,111000000000.0
1278,2017-09-23,117000000000.0
1279,2017-09-24,115000000000.0
1280,2017-09-25,122000000000.0
1281,2017-09-26,121000000000.0
1282,2017-09-27,130000000000.0
1283,2017-09-28,129000000000.0
1284,2017-09-29,128000000000.0
1285,2017-09-30,133000000000.0
1286,2017-10-01,134000000000.0
1287,2017-10-02,133000000000.0
1288,2017-10-03,130000000000.0
1289,2017-10-04,128000000000.0
1290,2017-10-05,131000000000.0
1291,2017-10-06,133000000000.0
1292,2017-10-07,135000000000.0
1293,2017-10-08,138000000000.0
1294,2017-10-09,137000000000.0
1295,2017-10-10,138000000000.0
1296,2017-10-11,140000000000.0
1297,2017-10-12,151000000000.0
1298,2017-10-13,159000000000.0
1299,2017-10-14,162000000000.0
1300,2017-10-15,160000000000.0
1301,2017-10-16,161000000000.0
1302,2017-10-17,156000000000.0
1303,2017-10-18,154000000000.0
1304,2017-10-19,155000000000.0
1305,2017-10-20,159000000000.0
1306,2017-10-21,159000000000.0
1307,2017-10-22,157000000000.0
1308,2017-10-23,154000000000.0
1309,2017-10-24,151000000000.0
1310,2017-10-25,155000000000.0
1311,2017-10-26,157000000000.0
1312,2017-10-27,155000000000.0
1313,2017-10-28,155000000000.0
1314,2017-10-29,164000000000.0
1315,2017-10-30,164000000000.0
1316,2017-10-31,168000000000.0
1317,2017-11-01,172000000000.0
1318,2017-11-02,178000000000.0
1319,2017-11-03,184000000000.0
1320,2017-11-04,186000000000.0
1321,2017-11-05,187000000000.0
1322,2017-11-06,180000000000.0
1323,2017-11-07,183000000000.0
1324,2017-11-08,193000000000.0
1325,2017-11-09,191000000000.0
1326,2017-11-10,183000000000.0
1327,2017-11-11,188000000000.0
1328,2017-11-12,181000000000.0
1329,2017-11-13,192000000000.0
1330,2017-11-14,195000000000.0
1331,2017-11-15,205000000000.0
1332,2017-11-16,210000000000.0
1333,2017-11-17,212000000000.0
1334,2017-11-18,219000000000.0
1335,2017-11-19,222000000000.0
1336,2017-11-20,230000000000.0
1337,2017-11-21,225000000000.0
1338,2017-11-22,233000000000.0
1339,2017-11-23,237000000000.0
1340,2017-11-24,247000000000.0
1341,2017-11-25,256000000000.0
1342,2017-11-26,270000000000.0
1343,2017-11-27,279000000000.0
1344,2017-11-28,283000000000.0
1345,2017-11-29,270000000000.0
1346,2017-11-30,277000000000.0
1347,2017-12-01,301000000000.0
1348,2017-12-02,301000000000.0
1349,2017-12-03,311000000000.0
1350,2017-12-04,324000000000.0
1351,2017-12-05,325000000000.0
1352,2017-12-06,354000000000.0
1353,2017-12-07,402000000000.0
1354,2017-12-08,402000000000.0
1355,2017-12-09,384000000000.0
1356,2017-12-10,379000000000.0
1357,2017-12-11,423000000000.0
1358,2017-12-12,463000000000.0
1359,2017-12-13,459000000000.0
1360,2017-12-14,488000000000.0
1361,2017-12-15,499000000000.0
1362,2017-12-16,539000000000.0
1363,2017-12-17,547000000000.0
1364,2017-12-18,570000000000.0
1365,2017-12-19,567000000000.0
1366,2017-12-20,565000000000.0
1367,2017-12-21,553000000000.0
1368,2017-12-22,479000000000.0
1369,2017-12-23,518000000000.0
1370,2017-12-24,496000000000.0
1371,2017-12-25,494000000000.0
1372,2017-12-26,535000000000.0
1373,2017-12-27,525000000000.0
1374,2017-12-28,504000000000.0
1375,2017-12-29,537000000000.0
1376,2017-12-30,492000000000.0
1377,2017-12-31,536000000000.0
1378,2018-01-01,535000000000.0
1379,2018-01-02,587000000000.0
1380,2018-01-03,644000000000.0
1381,2018-01-04,645000000000.0
1382,2018-01-05,663000000000.0
1383,2018-01-06,689000000000.0
1384,2018-01-07,692000000000.0
1385,2018-01-08,649000000000.0
1386,2018-01-09,636000000000.0
1387,2018-01-10,643000000000.0
1388,2018-01-11,581000000000.0
1389,2018-01-12,626000000000.0
1390,2018-01-13,650000000000.0
1391,2018-01-14,622000000000.0
1392,2018-01-15,599000000000.0
1393,2018-01-16,477000000000.0
1394,2018-01-17,481000000000.0
1395,2018-01-18,495000000000.0
1396,2018-01-19,503000000000.0
1397,2018-01-20,553000000000.0
1398,2018-01-21,494000000000.0
1399,2018-01-22,466000000000.0
1400,2018-01-23,466000000000.0
1401,2018-01-24,492000000000.0
1402,2018-01-25,484000000000.0
1403,2018-01-26,479000000000.0
1404,2018-01-27,493000000000.0
1405,2018-01-28,520000000000.0
1406,2018-01-29,496000000000.0
1407,2018-01-30,440000000000.0
1408,2018-01-31,452000000000.0
1409,2018-02-01,397000000000.0
1410,2018-02-02,380000000000.0
1411,2018-02-03,403000000000.0
1412,2018-02-04,350000000000.0
1413,2018-02-05,289000000000.0
1414,2018-02-06,329000000000.0
1415,2018-02-07,318000000000.0
1416,2018-02-08,352000000000.0
1417,2018-02-09,378000000000.0
1418,2018-02-10,373000000000.0
1419,2018-02-11,352000000000.0
1420,2018-02-12,383000000000.0
1421,2018-02-13,369000000000.0
1422,2018-02-14,413000000000.0
1423,2018-02-15,423000000000.0
1424,2018-02-16,433000000000.0
1425,2018-02-17,459000000000.0
1426,2018-02-18,427000000000.0
1427,2018-02-19,450000000000.0
1428,2018-02-20,433000000000.0
1429,2018-02-21,405000000000.0
1430,2018-02-22,382000000000.0
1431,2018-02-23,400000000000.0
1432,2018-02-24,385000000000.0
1433,2018-02-25,386000000000.0
1434,2018-02-26,405000000000.0
1435,2018-02-27,411000000000.0
1436,2018-02-28,397000000000.0
1437,2018-03-01,416000000000.0
1438,2018-03-02,414000000000.0
1439,2018-03-03,420000000000.0
1440,2018-03-04,427000000000.0
1441,2018-03-05,420000000000.0
1442,2018-03-06,397000000000.0
1443,2018-03-07,367000000000.0
1444,2018-03-08,343000000000.0
1445,2018-03-09,347000000000.0
1446,2018-03-10,327000000000.0
1447,2018-03-11,354000000000.0
1448,2018-03-12,337000000000.0
1449,2018-03-13,337000000000.0
1450,2018-03-14,300000000000.0
1451,2018-03-15,300000000000.0
1452,2018-03-16,298000000000.0
1453,2018-03-17,280000000000.0
1454,2018-03-18,287000000000.0
1455,2018-03-19,305000000000.0
1456,2018-03-20,314000000000.0
1457,2018-03-21,313000000000.0
1458,2018-03-22,305000000000.0
1459,2018-03-23,310000000000.0
1460,2018-03-24,298000000000.0
1461,2018-03-25,297000000000.0
1462,2018-03-26,282000000000.0
1463,2018-03-27,268000000000.0
1464,2018-03-28,271000000000.0
1465,2018-03-29,239000000000.0
1466,2018-03-30,235000000000.0
1467,2018-03-31,236000000000.0
1468,2018-04-01,233000000000.0
1469,2018-04-02,241000000000.0
1470,2018-04-03,258000000000.0
1471,2018-04-04,234000000000.0
1472,2018-04-05,234000000000.0
1473,2018-04-06,227000000000.0
1474,2018-04-07,237000000000.0
1475,2018-04-08,243000000000.0
1476,2018-04-09,237000000000.0
1477,2018-04-10,240000000000.0
1478,2018-04-11,250000000000.0
1479,2018-04-12,287000000000.0
1480,2018-04-13,285000000000.0
1481,2018-04-14,289000000000.0
1482,2018-04-15,307000000000.0
1483,2018-04-16,297000000000.0
1484,2018-04-17,292000000000.0
1485,2018-04-18,311000000000.0
1486,2018-04-19,324000000000.0
1487,2018-04-20,354000000000.0
1488,2018-04-21,349000000000.0
1489,2018-04-22,350000000000.0
1490,2018-04-23,364000000000.0
1491,2018-04-24,391000000000.0
1492,2018-04-25,352000000000.0
1493,2018-04-26,375000000000.0
1494,2018-04-27,362000000000.0
1495,2018-04-28,386000000000.0
1496,2018-04-29,394000000000.0
1497,2018-04-30,381000000000.0
1498,2018-05-01,379000000000.0
1499,2018-05-02,389000000000.0
1500,2018-05-03,410000000000.0
1501,2018-05-04,409000000000.0
1502,2018-05-05,420000000000.0
1503,2018-05-06,410000000000.0
1504,2018-05-07,396000000000.0
1505,2018-05-08,391000000000.0
1506,2018-05-09,393000000000.0
1507,2018-05-10,376000000000.0
1508,2018-05-11,346000000000.0
1509,2018-05-12,351000000000.0
1510,2018-05-13,367000000000.0
1511,2018-05-14,363000000000.0
1512,2018-05-15,351000000000.0
1513,2018-05-16,347000000000.0
1514,2018-05-17,331000000000.0
1515,2018-05-18,340000000000.0
1516,2018-05-19,339000000000.0
1517,2018-05-20,353000000000.0
1518,2018-05-21,345000000000.0
1519,2018-05-22,322000000000.0
1520,2018-05-23,297000000000.0
1521,2018-05-24,307000000000.0
1522,2018-05-25,299000000000.0
1523,2018-05-26,296000000000.0
1524,2018-05-27,294000000000.0
1525,2018-05-28,275000000000.0
1526,2018-05-29,298000000000.0
1527,2018-05-30,294000000000.0
1528,2018-05-31,304000000000.0
1529,2018-06-01,305000000000.0
1530,2018-06-02,315000000000.0
1531,2018-06-03,323000000000.0
1532,2018-06-04,310000000000.0
1533,2018-06-05,317000000000.0
1534,2018-06-06,317000000000.0
1535,2018-06-07,318000000000.0
1536,2018-06-08,315000000000.0
1537,2018-06-09,309000000000.0
1538,2018-06-10,274000000000.0
1539,2018-06-11,279000000000.0
1540,2018-06-12,260000000000.0
1541,2018-06-13,250000000000.0
1542,2018-06-14,267000000000.0
1543,2018-06-15,254000000000.0
1544,2018-06-16,258000000000.0
1545,2018-06-17,256000000000.0
1546,2018-06-18,266000000000.0
1547,2018-06-19,269000000000.0
1548,2018-06-20,268000000000.0
1549,2018-06-21,265000000000.0
1550,2018-06-22,236000000000.0
1551,2018-06-23,240000000000.0
1552,2018-06-24,234000000000.0
1553,2018-06-25,238000000000.0
1554,2018-06-26,226000000000.0
1555,2018-06-27,231000000000.0
1556,2018-06-28,219000000000.0
1557,2018-06-29,231000000000.0
1558,2018-06-30,239000000000.0
1559,2018-07-01,239000000000.0
1560,2018-07-02,252000000000.0
1561,2018-07-03,246000000000.0
1562,2018-07-04,250000000000.0
1563,2018-07-05,247000000000.0
1564,2018-07-06,247000000000.0
1565,2018-07-07,254000000000.0
1566,2018-07-08,252000000000.0
1567,2018-07-09,247000000000.0
1568,2018-07-10,231000000000.0
1569,2018-07-11,235000000000.0
1570,2018-07-12,229000000000.0
1571,2018-07-13,230000000000.0
1572,2018-07-14,231000000000.0
1573,2018-07-15,237000000000.0
1574,2018-07-16,253000000000.0
1575,2018-07-17,271000000000.0
1576,2018-07-18,269000000000.0
1577,2018-07-19,268000000000.0
1578,2018-07-20,257000000000.0
1579,2018-07-21,262000000000.0
1580,2018-07-22,260000000000.0
1581,2018-07-23,264000000000.0
1582,2018-07-24,284000000000.0
1583,2018-07-25,279000000000.0
1584,2018-07-26,271000000000.0
1585,2018-07-27,278000000000.0
1586,2018-07-28,279000000000.0
1587,2018-07-29,278000000000.0
1588,2018-07-30,273000000000.0
1589,2018-07-31,259000000000.0
1590,2018-08-01,255000000000.0
1591,2018-08-02,250000000000.0
1592,2018-08-03,250000000000.0
1593,2018-08-04,239000000000.0
1594,2018-08-05,241000000000.0
1595,2018-08-06,236000000000.0
1596,2018-08-07,226000000000.0
1597,2018-08-08,208000000000.0
1598,2018-08-09,216000000000.0
1599,2018-08-10,201000000000.0
1600,2018-08-11,199000000000.0
1601,2018-08-12,201000000000.0
1602,2018-08-13,192000000000.0
1603,2018-08-14,189000000000.0
1604,2018-08-15,191000000000.0
1605,2018-08-16,194000000000.0
1606,2018-08-17,212000000000.0
1607,2018-08-18,201000000000.0
1608,2018-08-19,205000000000.0
1609,2018-08-20,193000000000.0
1610,2018-08-21,200000000000.0
1611,2018-08-22,195000000000.0
1612,2018-08-23,200000000000.0
1613,2018-08-24,205000000000.0
1614,2018-08-25,205000000000.0
1615,2018-08-26,204000000000.0
1616,2018-08-27,213000000000.0
1617,2018-08-28,220000000000.0
1618,2018-08-29,217000000000.0
1619,2018-08-30,214000000000.0
1620,2018-08-31,216000000000.0
1621,2018-09-01,224000000000.0
1622,2018-09-02,226000000000.0
1623,2018-09-03,224000000000.0
1624,2018-09-04,226000000000.0
1625,2018-09-05,196000000000.0
1626,2018-09-06,194000000000.0
1627,2018-09-07,189000000000.0
1628,2018-09-08,186000000000.0
1629,2018-09-09,186000000000.0
1630,2018-09-10,186000000000.0
1631,2018-09-11,183000000000.0
1632,2018-09-12,183000000000.0
1633,2018-09-13,189000000000.0
1634,2018-09-14,188000000000.0
1635,2018-09-15,190000000000.0
1636,2018-09-16,190000000000.0
1637,2018-09-17,184000000000.0
1638,2018-09-18,189000000000.0
1639,2018-09-19,189000000000.0
1640,2018-09-20,198000000000.0
1641,2018-09-21,209000000000.0
1642,2018-09-22,207000000000.0
1643,2018-09-23,209000000000.0
1644,2018-09-24,202000000000.0
1645,2018-09-25,201000000000.0
1646,2018-09-26,201000000000.0
1647,2018-09-27,207000000000.0
1648,2018-09-28,205000000000.0
1649,2018-09-29,207000000000.0
1650,2018-09-30,208000000000.0
1651,2018-10-01,207000000000.0
1652,2018-10-02,204000000000.0
1653,2018-10-03,203000000000.0
1654,2018-10-04,203000000000.0
1655,2018-10-05,204000000000.0
1656,2018-10-06,204000000000.0
1657,2018-10-07,205000000000.0
1658,2018-10-08,207000000000.0
1659,2018-10-09,205000000000.0
1660,2018-10-10,203000000000.0
1661,2018-10-11,183000000000.0
1662,2018-10-12,187000000000.0
1663,2018-10-13,188000000000.0
1664,2018-10-14,185000000000.0
1665,2018-10-15,194000000000.0
1666,2018-10-16,197000000000.0
1667,2018-10-17,197000000000.0
1668,2018-10-18,194000000000.0
1669,2018-10-19,194000000000.0
1670,2018-10-20,196000000000.0
1671,2018-10-21,196000000000.0
1672,2018-10-22,195000000000.0
1673,2018-10-23,195000000000.0
1674,2018-10-24,195000000000.0
1675,2018-10-25,194000000000.0
1676,2018-10-26,195000000000.0
1677,2018-10-27,195000000000.0
1678,2018-10-28,195000000000.0
1679,2018-10-29,189000000000.0
1680,2018-10-30,190000000000.0
1681,2018-10-31,192000000000.0
1682,2018-11-01,193000000000.0
1683,2018-11-02,195000000000.0
1684,2018-11-03,194000000000.0
1685,2018-11-04,200000000000.0
1686,2018-11-05,201000000000.0
1687,2018-11-06,207000000000.0
1688,2018-11-07,206000000000.0
1689,2018-11-08,201000000000.0
1690,2018-11-09,198000000000.0
1691,2018-11-10,200000000000.0
1692,2018-11-11,199000000000.0
1693,2018-11-12,198000000000.0
1694,2018-11-13,195000000000.0
1695,2018-11-14,174000000000.0
1696,2018-11-15,174000000000.0
1697,2018-11-16,170000000000.0
1698,2018-11-17,171000000000.0
1699,2018-11-18,173000000000.0
1700,2018-11-19,148000000000.0
1701,2018-11-20,135000000000.0
1702,2018-11-21,141000000000.0
1703,2018-11-22,132000000000.0
1704,2018-11-23,131000000000.0
1705,2018-11-24,117000000000.0
1706,2018-11-25,121000000000.0
1707,2018-11-26,114000000000.0
1708,2018-11-27,116000000000.0
1709,2018-11-28,129000000000.0
1710,2018-11-29,128000000000.0
1711,2018-11-30,120000000000.0
1712,2018-12-01,125000000000.0
1713,2018-12-02,124000000000.0
1714,2018-12-03,116000000000.0
1715,2018-12-04,117000000000.0
1716,2018-12-05,110000000000.0
1717,2018-12-06,101000000000.0
1718,2018-12-07,99925445812.0
1719,2018-12-08,100000000000.0
1720,2018-12-09,104000000000.0
1721,2018-12-10,100000000000.0
1722,2018-12-11,98219975238.0
1723,2018-12-12,101000000000.0
1724,2018-12-13,96158744344.0
1725,2018-12-14,93722594845.0
1726,2018-12-15,93377644151.0
1727,2018-12-16,94043595610.0
1728,2018-12-17,104000000000.0
1729,2018-12-18,110000000000.0
1730,2018-12-19,111000000000.0
1731,2018-12-20,124000000000.0
1732,2018-12-21,117000000000.0
1733,2018-12-22,122000000000.0
1734,2018-12-23,124000000000.0
1735,2018-12-24,128000000000.0
1736,2018-12-25,119000000000.0
1737,2018-12-26,120000000000.0
1738,2018-12-27,112000000000.0
1739,2018-12-28,124000000000.0
1740,2018-12-29,119000000000.0
1741,2018-12-30,122000000000.0
1742,2018-12-31,117000000000.0
1743,2019-01-01,122000000000.0
1744,2019-01-02,126000000000.0
1745,2019-01-03,122000000000.0
1746,2019-01-04,123000000000.0
1747,2019-01-05,123000000000.0
1748,2019-01-06,130000000000.0
1749,2019-01-07,128000000000.0
1750,2019-01-08,128000000000.0
1751,2019-01-09,129000000000.0
1752,2019-01-10,115000000000.0
1753,2019-01-11,115000000000.0
1754,2019-01-12,114000000000.0
1755,2019-01-13,110000000000.0
1756,2019-01-14,116000000000.0
1757,2019-01-15,113000000000.0
1758,2019-01-16,114000000000.0
1759,2019-01-17,115000000000.0
1760,2019-01-18,114000000000.0
1761,2019-01-19,116000000000.0
1762,2019-01-20,112000000000.0
1763,2019-01-21,112000000000.0
1764,2019-01-22,113000000000.0
1765,2019-01-23,112000000000.0
1766,2019-01-24,113000000000.0
1767,2019-01-25,112000000000.0
1768,2019-01-26,112000000000.0
1769,2019-01-27,111000000000.0
1770,2019-01-28,106000000000.0
1771,2019-01-29,105000000000.0
1772,2019-01-30,108000000000.0
1773,2019-01-31,106000000000.0
1774,2019-02-01,107000000000.0
1775,2019-02-02,108000000000.0
1776,2019-02-03,106000000000.0
1777,2019-02-04,106000000000.0
1778,2019-02-05,107000000000.0
1779,2019-02-06,104000000000.0
1780,2019-02-07,105000000000.0
1781,2019-02-08,114000000000.0
1782,2019-02-09,114000000000.0
1783,2019-02-10,116000000000.0
1784,2019-02-11,113000000000.0
1785,2019-02-12,114000000000.0
1786,2019-02-13,113000000000.0
1787,2019-02-14,112000000000.0
1788,2019-02-15,113000000000.0
1789,2019-02-16,113000000000.0
1790,2019-02-17,116000000000.0
1791,2019-02-18,124000000000.0
1792,2019-02-19,125000000000.0
1793,2019-02-20,128000000000.0
1794,2019-02-21,125000000000.0
1795,2019-02-22,127000000000.0
1796,2019-02-23,133000000000.0
1797,2019-02-24,119000000000.0
1798,2019-02-25,123000000000.0
1799,2019-02-26,122000000000.0
1800,2019-02-27,121000000000.0
1801,2019-02-28,121000000000.0
1802,2019-03-01,122000000000.0
1803,2019-03-02,122000000000.0
1804,2019-03-03,121000000000.0
1805,2019-03-04,118000000000.0
1806,2019-03-05,124000000000.0
1807,2019-03-06,125000000000.0
1808,2019-03-07,125000000000.0
1809,2019-03-08,123000000000.0
1810,2019-03-09,126000000000.0
1811,2019-03-10,126000000000.0
1812,2019-03-11,124000000000.0
1813,2019-03-12,125000000000.0
1814,2019-03-13,125000000000.0
1815,2019-03-14,125000000000.0
1816,2019-03-15,128000000000.0
1817,2019-03-16,131000000000.0
1818,2019-03-17,130000000000.0
1819,2019-03-18,130000000000.0
1820,2019-03-19,131000000000.0
1821,2019-03-20,132000000000.0
1822,2019-03-21,130000000000.0
1823,2019-03-22,130000000000.0
1824,2019-03-23,131000000000.0
1825,2019-03-24,131000000000.0
1826,2019-03-25,128000000000.0
1827,2019-03-26,128000000000.0
1828,2019-03-27,133000000000.0
1829,2019-03-28,133000000000.0
1830,2019-03-29,135000000000.0
1831,2019-03-30,135000000000.0
1832,2019-03-31,136000000000.0
1833,2019-04-01,137000000000.0
1834,2019-04-02,161000000000.0
1835,2019-04-03,163000000000.0
1836,2019-04-04,160000000000.0
1837,2019-04-05,167000000000.0
1838,2019-04-06,167000000000.0
1839,2019-04-07,172000000000.0
1840,2019-04-08,173000000000.0
1841,2019-04-09,170000000000.0
1842,2019-04-10,173000000000.0
1843,2019-04-11,162000000000.0
1844,2019-04-12,164000000000.0
1845,2019-04-13,163000000000.0
1846,2019-04-14,167000000000.0
1847,2019-04-15,162000000000.0
1848,2019-04-16,167000000000.0
1849,2019-04-17,168000000000.0
1850,2019-04-18,170000000000.0
1851,2019-04-19,171000000000.0
1852,2019-04-20,171000000000.0
1853,2019-04-21,168000000000.0
1854,2019-04-22,171000000000.0
1855,2019-04-23,172000000000.0
1856,2019-04-24,168000000000.0
1857,2019-04-25,158000000000.0
1858,2019-04-26,159000000000.0
1859,2019-04-27,160000000000.0
1860,2019-04-28,159000000000.0
1861,2019-04-29,157000000000.0
1862,2019-04-30,164000000000.0
1863,2019-05-01,165000000000.0
1864,2019-05-02,166000000000.0
1865,2019-05-03,173000000000.0
1866,2019-05-04,174000000000.0
1867,2019-05-05,172000000000.0
1868,2019-05-06,173000000000.0
1869,2019-05-07,172000000000.0
1870,2019-05-08,177000000000.0
1871,2019-05-09,179000000000.0
1872,2019-05-10,184000000000.0
1873,2019-05-11,208000000000.0
1874,2019-05-12,201000000000.0
1875,2019-05-13,219000000000.0
1876,2019-05-14,231000000000.0
1877,2019-05-15,245000000000.0
1878,2019-05-16,238000000000.0
1879,2019-05-17,223000000000.0
1880,2019-05-18,219000000000.0
1881,2019-05-19,244000000000.0
1882,2019-05-20,238000000000.0
1883,2019-05-21,239000000000.0
1884,2019-05-22,228000000000.0
1885,2019-05-23,234000000000.0
1886,2019-05-24,239000000000.0
1887,2019-05-25,241000000000.0
1888,2019-05-26,258000000000.0
1889,2019-05-27,263000000000.0
1890,2019-05-28,263000000000.0
1891,2019-05-29,263000000000.0
1892,2019-05-30,250000000000.0
1893,2019-05-31,260000000000.0
1894,2019-06-01,260000000000.0
1895,2019-06-02,265000000000.0
1896,2019-06-03,247000000000.0
1897,2019-06-04,235000000000.0
1898,2019-06-05,239000000000.0
1899,2019-06-06,240000000000.0
1900,2019-06-07,246000000000.0
1901,2019-06-08,243000000000.0
1902,2019-06-09,233000000000.0
1903,2019-06-10,245000000000.0
1904,2019-06-11,243000000000.0
1905,2019-06-12,251000000000.0
1906,2019-06-13,252000000000.0
1907,2019-06-14,261000000000.0
1908,2019-06-15,266000000000.0
1909,2019-06-16,269000000000.0
1910,2019-06-17,278000000000.0
1911,2019-06-18,270000000000.0
1912,2019-06-19,277000000000.0
1913,2019-06-20,281000000000.0
1914,2019-06-21,299000000000.0
1915,2019-06-22,312000000000.0
1916,2019-06-23,313000000000.0
1917,2019-06-24,318000000000.0
1918,2019-06-25,332000000000.0
1919,2019-06-26,353000000000.0
1920,2019-06-27,307000000000.0
1921,2019-06-28,335000000000.0
1922,2019-06-29,329000000000.0
1923,2019-06-30,299000000000.0
1924,2019-07-01,296000000000.0
1925,2019-07-02,302000000000.0
1926,2019-07-03,325000000000.0
1927,2019-07-04,306000000000.0
1928,2019-07-05,304000000000.0
1929,2019-07-06,309000000000.0
1930,2019-07-07,316000000000.0
1931,2019-07-08,333000000000.0
1932,2019-07-09,336000000000.0
1933,2019-07-10,320000000000.0
1934,2019-07-11,298000000000.0
1935,2019-07-12,310000000000.0
1936,2019-07-13,300000000000.0
1937,2019-07-14,267000000000.0
1938,2019-07-15,280000000000.0
1939,2019-07-16,245000000000.0
1940,2019-07-17,254000000000.0
1941,2019-07-18,278000000000.0
1942,2019-07-19,275000000000.0
1943,2019-07-20,283000000000.0
1944,2019-07-21,279000000000.0
1945,2019-07-22,272000000000.0
1946,2019-07-23,261000000000.0
1947,2019-07-24,261000000000.0
1948,2019-07-25,264000000000.0
1949,2019-07-26,264000000000.0
1950,2019-07-27,253000000000.0
1951,2019-07-28,255000000000.0
1952,2019-07-29,255000000000.0
1953,2019-07-30,257000000000.0
1954,2019-07-31,268000000000.0
1955,2019-08-01,274000000000.0
1956,2019-08-02,275000000000.0
1957,2019-08-03,281000000000.0
1958,2019-08-04,284000000000.0
1959,2019-08-05,302000000000.0
1960,2019-08-06,292000000000.0
1961,2019-08-07,302000000000.0
1962,2019-08-08,299000000000.0
1963,2019-08-09,294000000000.0
1964,2019-08-10,284000000000.0
1965,2019-08-11,291000000000.0
1966,2019-08-12,287000000000.0
1967,2019-08-13,277000000000.0
1968,2019-08-14,254000000000.0
1969,2019-08-15,260000000000.0
1970,2019-08-16,260000000000.0
1971,2019-08-17,257000000000.0
1972,2019-08-18,263000000000.0
1973,2019-08-19,275000000000.0
1974,2019-08-20,270000000000.0
1975,2019-08-21,256000000000.0
1976,2019-08-22,258000000000.0
1977,2019-08-23,264000000000.0
1978,2019-08-24,258000000000.0
1979,2019-08-25,257000000000.0
1980,2019-08-26,261000000000.0
1981,2019-08-27,258000000000.0
1982,2019-08-28,245000000000.0
1983,2019-08-29,240000000000.0
1984,2019-08-30,241000000000.0
1985,2019-08-31,242000000000.0
1986,2019-09-01,245000000000.0
1987,2019-09-02,259000000000.0
1988,2019-09-03,263000000000.0
1989,2019-09-04,261000000000.0
1990,2019-09-05,261000000000.0
1991,2019-09-06,255000000000.0
1992,2019-09-07,260000000000.0
1993,2019-09-08,260000000000.0
1994,2019-09-09,258000000000.0
1995,2019-09-10,254000000000.0
1996,2019-09-11,254000000000.0
1997,2019-09-12,259000000000.0
1998,2019-09-13,258000000000.0
1999,2019-09-14,260000000000.0
2000,2019-09-15,259000000000.0
2001,2019-09-16,260000000000.0
2002,2019-09-17,262000000000.0
2003,2019-09-18,264000000000.0
2004,2019-09-19,266000000000.0
2005,2019-09-20,263000000000.0
2006,2019-09-21,259000000000.0
2007,2019-09-22,258000000000.0
2008,2019-09-23,248000000000.0
2009,2019-09-24,216000000000.0
2010,2019-09-25,216000000000.0
2011,2019-09-26,207000000000.0
2012,2019-09-27,211000000000.0
2013,2019-09-28,212000000000.0
2014,2019-09-29,208000000000.0
2015,2019-09-30,216000000000.0
2016,2019-10-01,215000000000.0
2017,2019-10-02,217000000000.0
2018,2019-10-03,212000000000.0
2019,2019-10-04,212000000000.0
2020,2019-10-05,212000000000.0
2021,2019-10-06,206000000000.0
2022,2019-10-07,216000000000.0
2023,2019-10-08,216000000000.0
2024,2019-10-09,226000000000.0
2025,2019-10-10,225000000000.0
2026,2019-10-11,216000000000.0
2027,2019-10-12,218000000000.0
2028,2019-10-13,218000000000.0
2029,2019-10-14,221000000000.0
2030,2019-10-15,216000000000.0
2031,2019-10-16,211000000000.0
2032,2019-10-17,214000000000.0
2033,2019-10-18,211000000000.0
2034,2019-10-19,211000000000.0
2035,2019-10-20,217000000000.0
2036,2019-10-21,217000000000.0
2037,2019-10-22,212000000000.0
2038,2019-10-23,199000000000.0
2039,2019-10-24,199000000000.0
2040,2019-10-25,228000000000.0
2041,2019-10-26,238000000000.0
2042,2019-10-27,246000000000.0
2043,2019-10-28,239000000000.0
2044,2019-10-29,246000000000.0
2045,2019-10-30,239000000000.0
2046,2019-10-31,238000000000.0
2047,2019-11-01,240000000000.0
2048,2019-11-02,242000000000.0
2049,2019-11-03,240000000000.0
2050,2019-11-04,245000000000.0
2051,2019-11-05,245000000000.0
2052,2019-11-06,246000000000.0
2053,2019-11-07,242000000000.0
2054,2019-11-08,232000000000.0
2055,2019-11-09,233000000000.0
2056,2019-11-10,239000000000.0
2057,2019-11-11,232000000000.0
2058,2019-11-12,234000000000.0
2059,2019-11-13,233000000000.0
2060,2019-11-14,230000000000.0
2061,2019-11-15,225000000000.0
2062,2019-11-16,226000000000.0
2063,2019-11-17,227000000000.0
2064,2019-11-18,218000000000.0
2065,2019-11-19,216000000000.0
2066,2019-11-20,215000000000.0
2067,2019-11-21,202000000000.0
2068,2019-11-22,193000000000.0
2069,2019-11-23,195000000000.0
2070,2019-11-24,183000000000.0
2071,2019-11-25,188000000000.0
2072,2019-11-26,190000000000.0
2073,2019-11-27,198000000000.0
2074,2019-11-28,196000000000.0
2075,2019-11-29,204000000000.0
2076,2019-11-30,199000000000.0
2077,2019-12-01,196000000000.0
2078,2019-12-02,193000000000.0
2079,2019-12-03,193000000000.0
2080,2019-12-04,190000000000.0
2081,2019-12-05,195000000000.0
2082,2019-12-06,198000000000.0
2083,2019-12-07,197000000000.0
2084,2019-12-08,199000000000.0
2085,2019-12-09,194000000000.0
2086,2019-12-10,191000000000.0
2087,2019-12-11,190000000000.0
2088,2019-12-12,190000000000.0
2089,2019-12-13,192000000000.0
2090,2019-12-14,187000000000.0
2091,2019-12-15,188000000000.0
2092,2019-12-16,181000000000.0
2093,2019-12-17,172000000000.0
2094,2019-12-18,188000000000.0
2095,2019-12-19,184000000000.0
2096,2019-12-20,186000000000.0
2097,2019-12-21,184000000000.0
2098,2019-12-22,193000000000.0
2099,2019-12-23,188000000000.0
2100,2019-12-24,187000000000.0
2101,2019-12-25,185000000000.0
2102,2019-12-26,185000000000.0
2103,2019-12-27,186000000000.0
2104,2019-12-28,188000000000.0
2105,2019-12-29,191000000000.0
2106,2019-12-30,187000000000.0
2107,2019-12-31,185000000000.0
2108,2020-01-01,186000000000.0
2109,2020-01-02,180000000000.0
2110,2020-01-03,190000000000.0
2111,2020-01-04,191000000000.0
2112,2020-01-05,191000000000.0
2113,2020-01-06,204000000000.0
2114,2020-01-07,210000000000.0
2115,2020-01-08,207000000000.0
2116,2020-01-09,202000000000.0
2117,2020-01-10,213000000000.0
2118,2020-01-11,209000000000.0
2119,2020-01-12,214000000000.0
2120,2020-01-13,212000000000.0
2121,2020-01-14,237000000000.0
2122,2020-01-15,237000000000.0
2123,2020-01-16,234000000000.0
2124,2020-01-17,240000000000.0
2125,2020-01-18,240000000000.0
2126,2020-01-19,234000000000.0
2127,2020-01-20,233000000000.0
2128,2020-01-21,236000000000.0
2129,2020-01-22,235000000000.0
2130,2020-01-23,226000000000.0
2131,2020-01-24,227000000000.0
2132,2020-01-25,224000000000.0
2133,2020-01-26,232000000000.0
2134,2020-01-27,240000000000.0
2135,2020-01-28,252000000000.0
2136,2020-01-29,249000000000.0
2137,2020-01-30,257000000000.0
2138,2020-01-31,252000000000.0
2139,2020-02-01,254000000000.0
2140,2020-02-02,254000000000.0
2141,2020-02-03,254000000000.0
2142,2020-02-04,252000000000.0
2143,2020-02-05,266000000000.0
2144,2020-02-06,271000000000.0
2145,2020-02-07,274000000000.0
2146,2020-02-08,278000000000.0
2147,2020-02-09,285000000000.0
2148,2020-02-10,278000000000.0
2149,2020-02-11,291000000000.0
2150,2020-02-12,297000000000.0
2151,2020-02-13,296000000000.0
2152,2020-02-14,303000000000.0
2153,2020-02-15,285000000000.0
2154,2020-02-16,282000000000.0
2155,2020-02-17,278000000000.0
2156,2020-02-18,292000000000.0
2157,2020-02-19,273000000000.0
2158,2020-02-20,273000000000.0
2159,2020-02-21,276000000000.0
2160,2020-02-22,275000000000.0
2161,2020-02-23,285000000000.0
2162,2020-02-24,275000000000.0
2163,2020-02-25,262000000000.0
2164,2020-02-26,244000000000.0
2165,2020-02-27,246000000000.0
2166,2020-02-28,243000000000.0
2167,2020-02-29,238000000000.0
2168,2020-03-01,238000000000.0
2169,2020-03-02,250000000000.0
2170,2020-03-03,245000000000.0
2171,2020-03-04,245000000000.0
2172,2020-03-05,253000000000.0
2173,2020-03-06,258000000000.0
2174,2020-03-07,250000000000.0
2175,2020-03-08,222000000000.0
2176,2020-03-09,221000000000.0
2177,2020-03-10,220000000000.0
2178,2020-03-11,220000000000.0
2179,2020-03-12,135000000000.0
2180,2020-03-13,158000000000.0
2181,2020-03-14,146000000000.0
2182,2020-03-15,149000000000.0
2183,2020-03-16,139000000000.0
2184,2020-03-17,148000000000.0
2185,2020-03-18,150000000000.0
2186,2020-03-19,171000000000.0
2187,2020-03-20,170000000000.0
2188,2020-03-21,170000000000.0
2189,2020-03-22,160000000000.0
2190,2020-03-23,176000000000.0
2191,2020-03-24,183000000000.0
2192,2020-03-25,180000000000.0
2193,2020-03-26,183000000000.0
2194,2020-03-27,174000000000.0
2195,2020-03-28,172000000000.0
2196,2020-03-29,162000000000.0
2197,2020-03-30,175000000000.0
2198,2020-03-31,177000000000.0
2199,2020-04-01,183000000000.0
2200,2020-04-02,187000000000.0
2201,2020-04-03,186000000000.0
2202,2020-04-04,189000000000.0
2203,2020-04-05,187000000000.0
2204,2020-04-06,205000000000.0
2205,2020-04-07,201000000000.0
2206,2020-04-08,207000000000.0
2207,2020-04-09,206000000000.0
2208,2020-04-10,193000000000.0
2209,2020-04-11,193000000000.0
2210,2020-04-12,194000000000.0
2211,2020-04-13,192000000000.0
2212,2020-04-14,193000000000.0
2213,2020-04-15,187000000000.0
2214,2020-04-16,201000000000.0
2215,2020-04-17,199000000000.0
2216,2020-04-18,207000000000.0
2217,2020-04-19,203000000000.0
2218,2020-04-20,194000000000.0
2219,2020-04-21,195000000000.0
2220,2020-04-22,203000000000.0
2221,2020-04-23,213000000000.0
2222,2020-04-24,213000000000.0
2223,2020-04-25,214000000000.0
2224,2020-04-26,218000000000.0
2225,2020-04-27,220000000000.0
2226,2020-04-28,221000000000.0
2227,2020-04-29,245000000000.0
2228,2020-04-30,239000000000.0
2229,2020-05-01,244000000000.0
2230,2020-05-02,248000000000.0
2231,2020-05-03,245000000000.0
2232,2020-05-04,244000000000.0
2233,2020-05-05,247000000000.0
2234,2020-05-06,247000000000.0
2235,2020-05-07,266000000000.0
2236,2020-05-08,263000000000.0
2237,2020-05-09,258000000000.0
2238,2020-05-10,236000000000.0
2239,2020-05-11,233000000000.0
2240,2020-05-12,239000000000.0
2241,2020-05-13,251000000000.0
2242,2020-05-14,263000000000.0
2243,2020-05-15,252000000000.0
2244,2020-05-16,254000000000.0
2245,2020-05-17,261000000000.0
2246,2020-05-18,264000000000.0
2247,2020-05-19,265000000000.0
2248,2020-05-20,259000000000.0
2249,2020-05-21,247000000000.0
2250,2020-05-22,252000000000.0
2251,2020-05-23,252000000000.0
2252,2020-05-24,241000000000.0
2253,2020-05-25,246000000000.0
2254,2020-05-26,244000000000.0
2255,2020-05-27,253000000000.0
2256,2020-05-28,262000000000.0
2257,2020-05-29,259000000000.0
2258,2020-05-30,270000000000.0
2259,2020-05-31,262000000000.0
2260,2020-06-01,288000000000.0
2261,2020-06-02,273000000000.0
2262,2020-06-03,278000000000.0
2263,2020-06-04,280000000000.0
2264,2020-06-05,276000000000.0
2265,2020-06-06,278000000000.0
2266,2020-06-07,280000000000.0
2267,2020-06-08,280000000000.0
2268,2020-06-09,280000000000.0
2269,2020-06-10,283000000000.0
2270,2020-06-11,265000000000.0
2271,2020-06-12,271000000000.0
2272,2020-06-13,271000000000.0
2273,2020-06-14,267000000000.0
2274,2020-06-15,269000000000.0
2275,2020-06-16,272000000000.0
2276,2020-06-17,271000000000.0
2277,2020-06-18,268000000000.0
2278,2020-06-19,266000000000.0
2279,2020-06-20,268000000000.0
2280,2020-06-21,266000000000.0
2281,2020-06-22,277000000000.0
2282,2020-06-23,276000000000.0
2283,2020-06-24,267000000000.0
2284,2020-06-25,266000000000.0
2285,2020-06-26,263000000000.0
2286,2020-06-27,257000000000.0
2287,2020-06-28,261000000000.0
2288,2020-06-29,264000000000.0
2289,2020-06-30,262000000000.0
2290,2020-07-01,265000000000.0
2291,2020-07-02,262000000000.0
2292,2020-07-03,261000000000.0
2293,2020-07-04,264000000000.0
2294,2020-07-05,263000000000.0
2295,2020-07-06,273000000000.0
2296,2020-07-07,272000000000.0
2297,2020-07-08,279000000000.0
2298,2020-07-09,274000000000.0
2299,2020-07-10,274000000000.0
2300,2020-07-11,274000000000.0
2301,2020-07-12,277000000000.0
2302,2020-07-13,272000000000.0
2303,2020-07-14,273000000000.0
2304,2020-07-15,272000000000.0
2305,2020-07-16,271000000000.0
2306,2020-07-17,272000000000.0
2307,2020-07-18,273000000000.0
2308,2020-07-19,275000000000.0
2309,2020-07-20,272000000000.0
2310,2020-07-21,279000000000.0
2311,2020-07-22,286000000000.0
2312,2020-07-23,290000000000.0
2313,2020-07-24,288000000000.0
2314,2020-07-25,297000000000.0
2315,2020-07-26,302000000000.0
2316,2020-07-27,325000000000.0
2317,2020-07-28,325000000000.0
2318,2020-07-29,328000000000.0
2319,2020-07-30,331000000000.0
2320,2020-07-31,338000000000.0
2321,2020-08-01,357000000000.0
2322,2020-08-02,337000000000.0
2323,2020-08-03,345000000000.0
2324,2020-08-04,344000000000.0
2325,2020-08-05,357000000000.0
2326,2020-08-06,358000000000.0
2327,2020-08-07,351000000000.0
2328,2020-08-08,359000000000.0
2329,2020-08-09,357000000000.0
2330,2020-08-10,364000000000.0
2331,2020-08-11,348000000000.0
2332,2020-08-12,355000000000.0
2333,2020-08-13,366000000000.0
2334,2020-08-14,369000000000.0
2335,2020-08-15,371000000000.0
2336,2020-08-16,375000000000.0
2337,2020-08-17,382000000000.0
2338,2020-08-18,372000000000.0
2339,2020-08-19,363000000000.0
2340,2020-08-20,369000000000.0
2341,2020-08-21,355000000000.0
2342,2020-08-22,361000000000.0
2343,2020-08-23,360000000000.0
2344,2020-08-24,366000000000.0
2345,2020-08-25,351000000000.0
2346,2020-08-26,355000000000.0
2347,2020-08-27,349000000000.0
2348,2020-08-28,357000000000.0
2349,2020-08-29,357000000000.0
2350,2020-08-30,367000000000.0
2351,2020-08-31,369000000000.0
2352,2020-09-01,382000000000.0
2353,2020-09-02,363000000000.0
2354,2020-09-03,321000000000.0
2355,2020-09-04,332000000000.0
2356,2020-09-05,315000000000.0
2357,2020-09-06,322000000000.0
2358,2020-09-07,325000000000.0
2359,2020-09-08,317000000000.0
2360,2020-09-09,322000000000.0
2361,2020-09-10,328000000000.0
2362,2020-09-11,330000000000.0
2363,2020-09-12,335000000000.0
2364,2020-09-13,328000000000.0
2365,2020-09-14,337000000000.0
2366,2020-09-15,336000000000.0
2367,2020-09-16,339000000000.0
2368,2020-09-17,344000000000.0
2369,2020-09-18,342000000000.0
2370,2020-09-19,346000000000.0
2371,2020-09-20,339000000000.0
2372,2020-09-21,321000000000.0
2373,2020-09-22,325000000000.0
2374,2020-09-23,313000000000.0
2375,2020-09-24,331000000000.0
2376,2020-09-25,332000000000.0
2377,2020-09-26,334000000000.0
2378,2020-09-27,336000000000.0
2379,2020-09-28,334000000000.0
2380,2020-09-29,338000000000.0
2381,2020-09-30,337000000000.0
2382,2020-10-01,332000000000.0
2383,2020-10-02,328000000000.0
2384,2020-10-03,328000000000.0
2385,2020-10-04,333000000000.0
2386,2020-10-05,335000000000.0
2387,2020-10-06,327000000000.0
2388,2020-10-07,329000000000.0
2389,2020-10-08,337000000000.0
2390,2020-10-09,343000000000.0
2391,2020-10-10,349000000000.0
2392,2020-10-11,352000000000.0
2393,2020-10-12,357000000000.0
2394,2020-10-13,354000000000.0
2395,2020-10-14,355000000000.0
2396,2020-10-15,355000000000.0
2397,2020-10-16,348000000000.0
2398,2020-10-17,350000000000.0
2399,2020-10-18,355000000000.0
2400,2020-10-19,359000000000.0
2401,2020-10-20,358000000000.0
2402,2020-10-21,380000000000.0
2403,2020-10-22,389000000000.0
2404,2020-10-23,388000000000.0
2405,2020-10-24,393000000000.0
2406,2020-10-25,391000000000.0
2407,2020-10-26,388000000000.0
2408,2020-10-27,401000000000.0
2409,2020-10-28,391000000000.0
2410,2020-10-29,393000000000.0
2411,2020-10-30,393000000000.0
2412,2020-10-31,400000000000.0
2413,2020-11-01,401000000000.0
2414,2020-11-02,393000000000.0
2415,2020-11-03,401000000000.0
2416,2020-11-04,405000000000.0
2417,2020-11-05,435000000000.0
2418,2020-11-06,445000000000.0
2419,2020-11-07,425000000000.0
2420,2020-11-08,441000000000.0
2421,2020-11-09,438000000000.0
2422,2020-11-10,439000000000.0
2423,2020-11-11,448000000000.0
2424,2020-11-12,458000000000.0
2425,2020-11-13,464000000000.0
2426,2020-11-14,457000000000.0
2427,2020-11-15,452000000000.0
2428,2020-11-16,470000000000.0
2429,2020-11-17,493000000000.0
2430,2020-11-18,492000000000.0
2431,2020-11-19,493000000000.0
2432,2020-11-20,518000000000.0
2433,2020-11-21,536000000000.0
2434,2020-11-22,528000000000.0
2435,2020-11-23,547000000000.0
2436,2020-11-24,569000000000.0
2437,2020-11-25,551000000000.0
2438,2020-11-26,503000000000.0
2439,2020-11-27,505000000000.0
2440,2020-11-28,524000000000.0
2441,2020-11-29,538000000000.0
2442,2020-11-30,578000000000.0
2443,2020-12-01,550000000000.0
2444,2020-12-02,564000000000.0
2445,2020-12-03,571000000000.0
2446,2020-12-04,542000000000.0
2447,2020-12-05,560000000000.0
2448,2020-12-06,566000000000.0
2449,2020-12-07,560000000000.0
2450,2020-12-08,533000000000.0
2451,2020-12-09,543000000000.0
2452,2020-12-10,532000000000.0
2453,2020-12-11,523000000000.0
2454,2020-12-12,542000000000.0
2455,2020-12-13,554000000000.0
2456,2020-12-14,556000000000.0
2457,2020-12-15,558000000000.0
2458,2020-12-16,610000000000.0
2459,2020-12-17,638000000000.0
2460,2020-12-18,647000000000.0
2461,2020-12-19,662000000000.0
2462,2020-12-20,651000000000.0
2463,2020-12-21,627000000000.0
2464,2020-12-22,651000000000.0
2465,2020-12-23,616000000000.0
2466,2020-12-24,639000000000.0
2467,2020-12-25,660000000000.0
2468,2020-12-26,694000000000.0
2469,2020-12-27,695000000000.0
2470,2020-12-28,719000000000.0
2471,2020-12-29,725000000000.0
2472,2020-12-30,755000000000.0
2473,2020-12-31,759000000000.0
2474,2021-01-01,766000000000.0
2475,2021-01-02,825000000000.0
2476,2021-01-03,875000000000.0
2477,2021-01-04,864000000000.0
2478,2021-01-05,914000000000.0
2479,2021-01-06,992000000000.0
2480,2021-01-07,1050000000000.0
2481,2021-01-08,1070000000000.0
2482,2021-01-09,1080000000000.0
2483,2021-01-10,1030000000000.0
2484,2021-01-11,946000000000.0
2485,2021-01-12,915000000000.0
2486,2021-01-13,1000000000000.0
2487,2021-01-14,1050000000000.0
2488,2021-01-15,996000000000.0
2489,2021-01-16,997000000000.0
2490,2021-01-17,997000000000.0
2491,2021-01-18,1020000000000.0
2492,2021-01-19,1020000000000.0
2493,2021-01-20,1010000000000.0
2494,2021-01-21,874000000000.0
2495,2021-01-22,940000000000.0
2496,2021-01-23,928000000000.0
2497,2021-01-24,953000000000.0
2498,2021-01-25,940000000000.0
2499,2021-01-26,952000000000.0
2500,2021-01-27,888000000000.0
2501,2021-01-28,972000000000.0
2502,2021-01-29,995000000000.0
2503,2021-01-30,1010000000000.0
2504,2021-01-31,978000000000.0
2505,2021-02-01,995000000000.0
2506,2021-02-02,1050000000000.0
2507,2021-02-03,1090000000000.0
2508,2021-02-04,1110000000000.0
2509,2021-02-05,1170000000000.0
2510,2021-02-06,1180000000000.0
2511,2021-02-07,1170000000000.0
2512,2021-02-08,1350000000000.0
2513,2021-02-09,1370000000000.0
2514,2021-02-10,1360000000000.0
2515,2021-02-11,1430000000000.0
2516,2021-02-12,1450000000000.0
2517,2021-02-13,1460000000000.0
2518,2021-02-14,1470000000000.0
2519,2021-02-15,1450000000000.0
2520,2021-02-16,1470000000000.0
2521,2021-02-17,1550000000000.0
2522,2021-02-18,1560000000000.0
2523,2021-02-19,1680000000000.0
2524,2021-02-20,1670000000000.0
2525,2021-02-21,1720000000000.0
2526,2021-02-22,1620000000000.0
2527,2021-02-23,1460000000000.0
2528,2021-02-24,1490000000000.0
2529,2021-02-25,1410000000000.0
2530,2021-02-26,1390000000000.0
2531,2021-02-27,1400000000000.0
2532,2021-02-28,1370000000000.0
2533,2021-03-01,1490000000000.0
2534,2021-03-02,1460000000000.0
2535,2021-03-03,1510000000000.0
2536,2021-03-04,1470000000000.0
2537,2021-03-05,1480000000000.0
2538,2021-03-06,1490000000000.0
2539,2021-03-07,1560000000000.0
2540,2021-03-08,1600000000000.0
2541,2021-03-09,1680000000000.0
2542,2021-03-10,1680000000000.0
2543,2021-03-11,1730000000000.0
2544,2021-03-12,1700000000000.0
2545,2021-03-13,1820000000000.0
2546,2021-03-14,1750000000000.0
2547,2021-03-15,1680000000000.0
2548,2021-03-16,1720000000000.0
2549,2021-03-17,1770000000000.0
2550,2021-03-18,1740000000000.0
2551,2021-03-19,1760000000000.0
2552,2021-03-20,1760000000000.0
2553,2021-03-21,1750000000000.0
2554,2021-03-22,1660000000000.0
2555,2021-03-23,1660000000000.0
2556,2021-03-24,1590000000000.0
2557,2021-03-25,1570000000000.0
2558,2021-03-26,1690000000000.0
2559,2021-03-27,1710000000000.0
2560,2021-03-28,1710000000000.0
2561,2021-03-29,1770000000000.0
2562,2021-03-30,1810000000000.0
2563,2021-03-31,1820000000000.0
2564,2021-04-01,1840000000000.0
2565,2021-04-02,1880000000000.0
2566,2021-04-03,1810000000000.0
2567,2021-04-04,1880000000000.0
2568,2021-04-05,1930000000000.0
2569,2021-04-06,1920000000000.0
2570,2021-04-07,1830000000000.0
2571,2021-04-08,1920000000000.0
2572,2021-04-09,1920000000000.0
2573,2021-04-10,1990000000000.0
2574,2021-04-11,2010000000000.0
2575,2021-04-12,2020000000000.0
2576,2021-04-13,2140000000000.0
2577,2021-04-14,2170000000000.0
2578,2021-04-15,2200000000000.0
2579,2021-04-16,2180000000000.0
2580,2021-04-17,2120000000000.0
2581,2021-04-18,2010000000000.0
2582,2021-04-19,1970000000000.0
2583,2021-04-20,2030000000000.0
2584,2021-04-21,1950000000000.0
2585,2021-04-22,1870000000000.0
2586,2021-04-23,1860000000000.0
2587,2021-04-24,1790000000000.0
2588,2021-04-25,1790000000000.0
2589,2021-04-26,1980000000000.0
2590,2021-04-27,2040000000000.0
2591,2021-04-28,2050000000000.0
2592,2021-04-29,2030000000000.0
2593,2021-04-30,2150000000000.0
2594,2021-05-01,2190000000000.0
2595,2021-05-02,2160000000000.0
2596,2021-05-03,2260000000000.0
2597,2021-05-04,2130000000000.0
2598,2021-05-05,2340000000000.0
2599,2021-05-06,2320000000000.0
2600,2021-05-07,2330000000000.0
2601,2021-05-08,2410000000000.0
2602,2021-05-09,2400000000000.0
2603,2021-05-10,2290000000000.0
2604,2021-05-11,2400000000000.0
2605,2021-05-12,2160000000000.0
2606,2021-05-13,2200000000000.0
2607,2021-05-14,2290000000000.0
2608,2021-05-15,2140000000000.0
2609,2021-05-16,2130000000000.0
2610,2021-05-17,1990000000000.0
2611,2021-05-18,2000000000000.0
2612,2021-05-19,1550000000000.0
2613,2021-05-20,1750000000000.0
2614,2021-05-21,1570000000000.0
2615,2021-05-22,1520000000000.0
2616,2021-05-23,1390000000000.0
2617,2021-05-24,1640000000000.0
2618,2021-05-25,1630000000000.0
2619,2021-05-26,1720000000000.0
2620,2021-05-27,1670000000000.0
2621,2021-05-28,1530000000000.0
2622,2021-05-29,1460000000000.0
2623,2021-05-30,1520000000000.0
2624,2021-05-31,1630000000000.0
2625,2021-06-01,1610000000000.0
2626,2021-06-02,1660000000000.0
2627,2021-06-03,1740000000000.0
2628,2021-06-04,1630000000000.0
2629,2021-06-05,1580000000000.0
2630,2021-06-06,1610000000000.0
2631,2021-06-07,1510000000000.0
2632,2021-06-08,1500000000000.0
2633,2021-06-09,1610000000000.0
2634,2021-06-10,1550000000000.0
2635,2021-06-11,1530000000000.0
2636,2021-06-12,1500000000000.0
2637,2021-06-13,1610000000000.0
2638,2021-06-14,1660000000000.0
2639,2021-06-15,1640000000000.0
2640,2021-06-16,1570000000000.0
2641,2021-06-17,1560000000000.0
2642,2021-06-18,1480000000000.0
2643,2021-06-19,1460000000000.0
2644,2021-06-20,1470000000000.0
2645,2021-06-21,1260000000000.0
2646,2021-06-22,1270000000000.0
2647,2021-06-23,1340000000000.0
2648,2021-06-24,1380000000000.0
2649,2021-06-25,1260000000000.0
2650,2021-06-26,1280000000000.0
2651,2021-06-27,1360000000000.0
2652,2021-06-28,1380000000000.0
2653,2021-06-29,1440000000000.0
2654,2021-06-30,1430000000000.0
2655,2021-07-01,1360000000000.0
2656,2021-07-02,1380000000000.0
2657,2021-07-03,1420000000000.0
2658,2021-07-04,1450000000000.0
2659,2021-07-05,1390000000000.0
2660,2021-07-06,1430000000000.0
2661,2021-07-07,1420000000000.0
2662,2021-07-08,1350000000000.0
2663,2021-07-09,1380000000000.0
2664,2021-07-10,1370000000000.0
2665,2021-07-11,1390000000000.0
2666,2021-07-12,1350000000000.0
2667,2021-07-13,1320000000000.0
2668,2021-07-14,1330000000000.0
2669,2021-07-15,1300000000000.0
2670,2021-07-16,1270000000000.0
2671,2021-07-17,1280000000000.0
2672,2021-07-18,1280000000000.0
2673,2021-07-19,1240000000000.0
2674,2021-07-20,1200000000000.0
2675,2021-07-21,1300000000000.0
2676,2021-07-22,1320000000000.0
2677,2021-07-23,1370000000000.0
2678,2021-07-24,1400000000000.0
2679,2021-07-25,1420000000000.0
2680,2021-07-26,1460000000000.0
2681,2021-07-27,1530000000000.0
2682,2021-07-28,1540000000000.0
2683,2021-07-29,1560000000000.0
2684,2021-07-30,1620000000000.0
2685,2021-07-31,1620000000000.0
2686,2021-08-01,1590000000000.0
2687,2021-08-02,1590000000000.0
2688,2021-08-03,1550000000000.0
2689,2021-08-04,1630000000000.0
2690,2021-08-05,1670000000000.0
2691,2021-08-06,1720000000000.0
2692,2021-08-07,1820000000000.0
2693,2021-08-08,1760000000000.0
2694,2021-08-09,1850000000000.0
2695,2021-08-10,1850000000000.0
2696,2021-08-11,1880000000000.0
2697,2021-08-12,1840000000000.0
2698,2021-08-13,1990000000000.0
2699,2021-08-14,1980000000000.0
2700,2021-08-15,2000000000000.0
2701,2021-08-16,1950000000000.0
2702,2021-08-17,1890000000000.0
2703,2021-08-18,1910000000000.0
2704,2021-08-19,2010000000000.0
2705,2021-08-20,2090000000000.0
2706,2021-08-21,2070000000000.0
2707,2021-08-22,2090000000000.0
2708,2021-08-23,2140000000000.0
2709,2021-08-24,2040000000000.0
2710,2021-08-25,2090000000000.0
2711,2021-08-26,1990000000000.0
2712,2021-08-27,2120000000000.0
2713,2021-08-28,2110000000000.0
2714,2021-08-29,2100000000000.0
2715,2021-08-30,2050000000000.0
2716,2021-08-31,2100000000000.0
2717,2021-09-01,2220000000000.0
2718,2021-09-02,2230000000000.0
2719,2021-09-03,2290000000000.0
2720,2021-09-04,2290000000000.0
2721,2021-09-05,2370000000000.0
2722,2021-09-06,2400000000000.0
2723,2021-09-07,2120000000000.0
2724,2021-09-08,2130000000000.0
2725,2021-09-09,2150000000000.0
2726,2021-09-10,2080000000000.0
2727,2021-09-11,2100000000000.0
2728,2021-09-12,2150000000000.0
2729,2021-09-13,2080000000000.0
2730,2021-09-14,2160000000000.0
2731,2021-09-15,2220000000000.0
2732,2021-09-16,2200000000000.0
2733,2021-09-17,2140000000000.0
2734,2021-09-18,2200000000000.0
2735,2021-09-19,2140000000000.0
2736,2021-09-20,1930000000000.0
2737,2021-09-21,1820000000000.0
2738,2021-09-22,2000000000000.0
2739,2021-09-23,2060000000000.0
2740,2021-09-24,1960000000000.0
2741,2021-09-25,1940000000000.0
2742,2021-09-26,1960000000000.0
2743,2021-09-27,1910000000000.0
2744,2021-09-28,1840000000000.0
2745,2021-09-29,1880000000000.0
2746,2021-09-30,1960000000000.0
2747,2021-10-01,2150000000000.0
2748,2021-10-02,2150000000000.0
2749,2021-10-03,2180000000000.0
2750,2021-10-04,2190000000000.0
2751,2021-10-05,2260000000000.0
2752,2021-10-06,2340000000000.0
2753,2021-10-07,2310000000000.0
2754,2021-10-08,2320000000000.0
2755,2021-10-09,2360000000000.0
2756,2021-10-10,2300000000000.0
2757,2021-10-11,2370000000000.0
2758,2021-10-12,2330000000000.0
2759,2021-10-13,2390000000000.0
2760,2021-10-14,2420000000000.0
2761,2021-10-15,2510000000000.0
2762,2021-10-16,2480000000000.0
2763,2021-10-17,2490000000000.0
2764,2021-10-18,2480000000000.0
2765,2021-10-19,2560000000000.0
2766,2021-10-20,2660000000000.0
2767,2021-10-21,2550000000000.0
2768,2021-10-22,2530000000000.0
2769,2021-10-23,2580000000000.0
2770,2021-10-24,2550000000000.0
2771,2021-10-25,2640000000000.0
2772,2021-10-26,2570000000000.0
2773,2021-10-27,2450000000000.0
2774,2021-10-28,2590000000000.0
2775,2021-10-29,2660000000000.0
2776,2021-10-30,2630000000000.0
2777,2021-10-31,2620000000000.0
2778,2021-11-01,2640000000000.0
2779,2021-11-02,2740000000000.0
2780,2021-11-03,2750000000000.0
2781,2021-11-04,2700000000000.0
2782,2021-11-05,2690000000000.0
2783,2021-11-06,2720000000000.0
2784,2021-11-07,2770000000000.0
2785,2021-11-08,2900000000000.0
2786,2021-11-09,2880000000000.0
2787,2021-11-10,2790000000000.0
2788,2021-11-11,2830000000000.0
2789,2021-11-12,2800000000000.0
2790,2021-11-13,2810000000000.0
2791,2021-11-14,2830000000000.0
2792,2021-11-15,2770000000000.0
2793,2021-11-16,2590000000000.0
2794,2021-11-17,2610000000000.0
2795,2021-11-18,2460000000000.0
2796,2021-11-19,2570000000000.0
2797,2021-11-20,2640000000000.0
2798,2021-11-21,2590000000000.0
2799,2021-11-22,2490000000000.0
2800,2021-11-23,2570000000000.0
2801,2021-11-24,2530000000000.0
2802,2021-11-25,2640000000000.0
2803,2021-11-26,2400000000000.0
2804,2021-11-27,2440000000000.0
2805,2021-11-28,2530000000000.0
2806,2021-11-29,2580000000000.0
2807,2021-11-30,2590000000000.0
2808,2021-12-01,2590000000000.0
2809,2021-12-02,2570000000000.0
2810,2021-12-03,2440000000000.0
2811,2021-12-04,2280000000000.0
2812,2021-12-05,2270000000000.0
2813,2021-12-06,2330000000000.0
2814,2021-12-07,2330000000000.0
2815,2021-12-08,2370000000000.0
2816,2021-12-09,2220000000000.0
2817,2021-12-10,2160000000000.0
2818,2021-12-11,2250000000000.0
2819,2021-12-12,2280000000000.0
2820,2021-12-13,2110000000000.0
2821,2021-12-14,2180000000000.0
2822,2021-12-15,2240000000000.0
2823,2021-12-16,2200000000000.0
2824,2021-12-17,2150000000000.0
2825,2021-12-18,2200000000000.0
2826,2021-12-19,2190000000000.0
2827,2021-12-20,2190000000000.0
2828,2021-12-21,2270000000000.0
2829,2021-12-22,2270000000000.0
2830,2021-12-23,2380000000000.0
2831,2021-12-24,2370000000000.0
2832,2021-12-25,2380000000000.0
2833,2021-12-26,2400000000000.0
2834,2021-12-27,2400000000000.0
2835,2021-12-28,2250000000000.0
2836,2021-12-29,2190000000000.0
2837,2021-12-30,2220000000000.0
2838,2021-12-31,2180000000000.0
2839,2022-01-01,2250000000000.0
2840,2022-01-02,2240000000000.0
2841,2022-01-03,2210000000000.0
2842,2022-01-04,2200000000000.0
2843,2022-01-05,2220000000000.0
